Handle,Title,Body (HTML),Vendor,Product Category,Type,Tags,Published,Option1 Name,Option1 Value,Option2 Name,Option2 Value,Option3 Name,Option3 Value,Variant SKU,Variant Grams,Variant Inventory Tracker,Variant Inventory Qty,Variant Inventory Policy,Variant Fulfillment Service,Variant Price,Variant Compare At Price,Variant Requires Shipping,Variant Taxable,Variant Barcode,Image Src,Image Position,Image Alt Text,Gift Card,SEO Title,SEO Description,Variant Weight Unit,Status
le-mans,Le Mans Rooftop Ventilator,"<p>The Le Mans is where style meets raw airflow. A sleek, low-profile cover (only 64 mm above the roof, so it sits happily next to solar panels) hides a motor that moves 850 m³/h in either direction: suck hot, humid or contaminated air out, or blow fresh air in. It is the ventilator that bodybuilders across Europe specify when a vehicle simply has to stay fresh.</p><p>Choose 12V for vans, campers and passenger vehicles, or 24V for trucks, coaches and buses. Both versions are EMC approved, so they will not interfere with your vehicle electronics. Prefer a passive solution? The motorless version uses the same 230 mm roof cut-out and can be upgraded to electric later.</p><p>Finish the installation with a 3-way switch (blow / off / suck), an optional speed controller and one of our interior valves or grilles. Everything fits the same 230 mm opening.</p><h3>Key features</h3><ul><li>850 m³/h airflow, suction and blowing</li><li>12V or 24V motor, 80 W, 2600 rpm</li><li>Only 52 dB(A) at full speed, quieter with speed control</li><li>Low profile: 64 mm above the roof, 385 x 312 mm footprint</li><li>Streamlined ABS roof ring with PA6 cover, 1.3 kg</li><li>Roof opening 230 mm (245 mm with ring)</li><li>EMC approved motor, test report available</li><li>Rain-resistant design, snow filter optional</li></ul><h3>Specifications</h3><table><tr><th>Airflow</th><td>850 m³/h</td></tr><tr><th>Voltage</th><td>12V or 24V DC</td></tr><tr><th>Power</th><td>80 W (approx. 6 A at 12V)</td></tr><tr><th>Nominal speed</th><td>2600 rpm</td></tr><tr><th>Noise level</th><td>52 dB(A)</td></tr><tr><th>Function</th><td>Suction and blowing (reversible)</td></tr><tr><th>Roof opening</th><td>Ø 230 mm (outer ring Ø 245 mm)</td></tr><tr><th>Outer dimensions</th><td>385 x 312 mm, 64 mm high</td></tr><tr><th>Weight</th><td>1.3 kg</td></tr><tr><th>Materials</th><td>ABS roof ring, PA6 cover</td></tr><tr><th>Colours</th><td>White RAL 9010 or Black RAL 9005</td></tr><tr><th>Approval</th><td>EMC approved</td></tr><tr><th>Accessories</th><td>Switch, speed control, interior valve, snow filter</td></tr></table>",Pegasus Depot,,Rooftop Ventilators,"Rooftop Ventilators,Commercial Vans & Service Vehicles,Horse Trailers & Horseboxes,Ambulances & Emergency Vehicles,Buses & Coaches,Campers & Motorhomes,Animal & Livestock Transport,Boats & Marine,Bestseller,EMC approved,12V / 24V",TRUE,Voltage,12V,Colour,White,,,02-2200,,shopify,25,continue,manual,149,185,TRUE,TRUE,,https://pegasusdepot.com/assets/img/02-2200-foto-1400.webp,1,Le Mans Rooftop Ventilator,,Le Mans Rooftop Ventilator · The 850 m³/h benchmark in vehicle ventilation,"The most popular electric roof fan for ambulances, horse trucks, buses and commercial vehicles. 850 m³/h of suction or blowing power under a streamlined cover, available in 12V and 24V, white or black.",kg,active
le-mans,,,,,,,,,12V,,Black,,,02-2200-ZW,,shopify,25,continue,manual,149,185,TRUE,TRUE,,https://pegasusdepot.com/assets/img/rooftopventilator-1400.webp,2,Le Mans Rooftop Ventilator,,,,kg,
le-mans,,,,,,,,,24V,,White,,,02-2300,,shopify,25,continue,manual,149,185,TRUE,TRUE,,https://pegasusdepot.com/assets/img/le-mans-vehicle-1400.webp,3,Le Mans Rooftop Ventilator,,,,kg,
le-mans,,,,,,,,,24V,,Black,,,02-2300-ZW,,shopify,25,continue,manual,149,185,TRUE,TRUE,,https://pegasusdepot.com/assets/img/le-mans-ventilator-2-1400.webp,4,Le Mans Rooftop Ventilator,,,,kg,
le-mans,,,,,,,,,Motorless,,White,,,02-2900,,shopify,25,continue,manual,95,115,TRUE,TRUE,,https://pegasusdepot.com/assets/img/20210709_155303-scaled-1400.webp,5,Le Mans Rooftop Ventilator,,,,kg,
le-mans-ll,Le Mans LL Brushless Rooftop Ventilator,"<p>The Le Mans LL takes the proven Le Mans shape and fits it with a brushless motor. The result: a ventilator that runs for years without servicing, draws only 34 W and is available with an integrated speed control unit.</p><p>The LL is an extraction-only ventilator, which is exactly what most loading areas, animal compartments and coach toilets need: a constant, healthy discharge of humid or contaminated air. Pair it with a floor ventilator for a complete airflow loop.</p><p>Order the 12V or 24V version, with or without built-in speed control. A 3-way switch and interior valve are available separately. Saw template included.</p><h3>Key features</h3><ul><li>Brushless motor, maintenance-free</li><li>515 m³/h (12V) or 565 m³/h (24V) extraction</li><li>Only 34 W power consumption</li><li>3100 rpm, 65 dB(A)</li><li>Optional integrated speed control unit</li><li>Grey ABS roof ring, white PA6 cover</li><li>Roof opening 230 mm, EMC approved, saw template included</li></ul><h3>Specifications</h3><table><tr><th>Airflow</th><td>515 m³/h (12V) · 565 m³/h (24V)</td></tr><tr><th>Voltage</th><td>12V or 24V DC</td></tr><tr><th>Power</th><td>34 W</td></tr><tr><th>Nominal speed</th><td>3100 rpm</td></tr><tr><th>Noise level</th><td>65 dB(A)</td></tr><tr><th>Function</th><td>Suction (extraction)</td></tr><tr><th>Motor</th><td>Brushless</td></tr><tr><th>Roof opening</th><td>Ø 230 mm</td></tr><tr><th>Mounting height</th><td>approx. 100 mm</td></tr><tr><th>Materials</th><td>ABS roof ring (grey), PA6 cover (white RAL 9010)</td></tr><tr><th>Approval</th><td>EMC approved</td></tr></table>",Pegasus Depot,,Rooftop Ventilators,"Rooftop Ventilators,Commercial Vans & Service Vehicles,Animal & Livestock Transport,Buses & Coaches,Horse Trailers & Horseboxes,Brushless,EMC approved,12V / 24V",TRUE,Voltage,12V,Speed control,Without,,,02-4200,,shopify,25,continue,manual,259,299,TRUE,TRUE,,https://pegasusdepot.com/assets/img/02-4200-foto-1400.webp,1,Le Mans LL Brushless Rooftop Ventilator,,Le Mans LL Brushless Rooftop Ventilator · Brushless. Longer life. Lower draw.,"The long-life version of the Le Mans. A brushless motor pulls 515 to 565 m³/h of air out of your vehicle at only 34 W, with no brushes to wear out. Ideal for damp loading areas, animal transport, chemical transport and coaches.",kg,active
le-mans-ll,,,,,,,,,12V,,Integrated,,,02-4250,,shopify,25,continue,manual,299,345,TRUE,TRUE,,,,,,,,kg,
le-mans-ll,,,,,,,,,24V,,Without,,,02-4300,,shopify,25,continue,manual,259,299,TRUE,TRUE,,,,,,,,kg,
le-mans-ll,,,,,,,,,24V,,Integrated,,,02-4350,,shopify,25,continue,manual,299,345,TRUE,TRUE,,,,,,,,kg,
rooftop-round,Round Rooftop Ventilator,"<p>Our round electric rooftop ventilator delivers a healthy supply and exhaust of air in commercial vehicles, campers and cars. It shares the Le Mans motor platform (850 m³/h, 80 W) but uses a round Ø 320 mm cover, just 62 mm high, that suits many classic vehicle roofs and fits under most roof racks.</p><p>Use the 3-position switch to choose intake or extraction, and add the speed controller to dial the airflow (and the noise) down when you only need a trickle of fresh air overnight.</p><p>Available in 12V and 24V, white or black, and as a motorless version that can be motorised later. The cover can be painted in your body colour.</p><h3>Key features</h3><ul><li>850 m³/h airflow, suction and blowing</li><li>12V or 24V, 80 W, 2600 rpm, 52 dB(A)</li><li>Round Ø 320 mm cover, only 62 mm high</li><li>ABS / PA6 housing, white or black, IP68 motor</li><li>Roof opening 230 mm (245 mm ring)</li><li>EMC approved</li><li>Optional: switch, speed control, interior valve, snow filter</li></ul><h3>Specifications</h3><table><tr><th>Airflow</th><td>850 m³/h</td></tr><tr><th>Voltage</th><td>12V or 24V DC</td></tr><tr><th>Power</th><td>80 W</td></tr><tr><th>Nominal speed</th><td>2600 rpm</td></tr><tr><th>Noise level</th><td>52 dB(A)</td></tr><tr><th>Function</th><td>Suction and blowing</td></tr><tr><th>Roof opening</th><td>Ø 230 mm (outer ring Ø 245 mm)</td></tr><tr><th>Outer dimensions</th><td>Ø 320 mm, 62 mm high</td></tr><tr><th>Weight</th><td>approx. 1.5 kg</td></tr><tr><th>Materials</th><td>ABS roof ring, PA6 cover</td></tr><tr><th>Colours</th><td>White RAL 9010 or Black RAL 9005</td></tr><tr><th>Approval</th><td>EMC approved</td></tr></table>",Pegasus Depot,,Rooftop Ventilators,"Rooftop Ventilators,Campers & Motorhomes,Commercial Vans & Service Vehicles,Animal & Livestock Transport,Boats & Marine,Horse Trailers & Horseboxes,EMC approved,12V / 24V",TRUE,Voltage,12V,Colour,White,,,02-0200,,shopify,25,continue,manual,139,159,TRUE,TRUE,,https://pegasusdepot.com/assets/img/02-0200-foto-1400.webp,1,Round Rooftop Ventilator,,Round Rooftop Ventilator · 850 m³/h in a classic round housing,"The same 850 m³/h motor as the Le Mans in a round ABS housing, only 62 mm high. Blow and suck with the 3-way switch, reduce noise with a speed controller. Loved in campers, caravans, trailers, houseboats and loading areas.",kg,active
rooftop-round,,,,,,,,,12V,,Black,,,02-0200-ZW,,shopify,25,continue,manual,139,159,TRUE,TRUE,,,,,,,,kg,
rooftop-round,,,,,,,,,24V,,White,,,02-0300,,shopify,25,continue,manual,139,159,TRUE,TRUE,,,,,,,,kg,
rooftop-round,,,,,,,,,24V,,Black,,,02-0300-ZW,,shopify,25,continue,manual,139,159,TRUE,TRUE,,,,,,,,kg,
rooftop-round,,,,,,,,,Motorless,,White,,,02-0900,,shopify,25,continue,manual,85,99,TRUE,TRUE,,,,,,,,kg,
winglet,Winglet Mini Roof Fan,"<p>The Winglet is our answer for spaces where a full-size roof fan is overkill: a VW Caddy, the kitchen of a motorhome, a caravan washroom or an equipment locker. It pulls 65 m³/h of stale air out at only 3 W, so it can run all night on a leisure battery.</p><p>Installation is a single 80 mm hole. The unit comes complete with interior grille, an open/close valve and a saw template, and the low-profile cover (230 x 196 mm, 52 mm high) sits well below most roof racks.</p><p>Available in white or black, electric (12V) or motorless.</p><h3>Key features</h3><ul><li>65 m³/h extraction at only 3 W</li><li>Roof cut-out only 80 mm</li><li>Whisper quiet: 32 dB(A)</li><li>Complete with open/close frame, interior grille and template</li><li>Footprint 230 x 196 mm, 52 mm high, approx. 0.5 kg</li><li>Mounting set for roof thickness 1 to 17 mm</li><li>White or black ABS, EMC approved</li></ul><h3>Specifications</h3><table><tr><th>Airflow</th><td>65 m³/h</td></tr><tr><th>Voltage</th><td>12V DC</td></tr><tr><th>Power</th><td>3 W</td></tr><tr><th>Noise level</th><td>32 dB(A)</td></tr><tr><th>Function</th><td>Suction (extraction)</td></tr><tr><th>Roof opening</th><td>Ø 80 mm</td></tr><tr><th>Footprint</th><td>230 x 196 mm, 52 mm high</td></tr><tr><th>Roof thickness</th><td>1 to 17 mm (standard mounting set)</td></tr><tr><th>Material</th><td>ABS</td></tr><tr><th>Colours</th><td>White or Black</td></tr><tr><th>Approval</th><td>EMC approved</td></tr></table>",Pegasus Depot,,Rooftop Ventilators,"Rooftop Ventilators,Campers & Motorhomes,Commercial Vans & Service Vehicles,Dog & K9 Transport,Boats & Marine,Compact,EMC approved,12V",TRUE,Voltage,12V,Colour,White,,,02-5000,,shopify,25,continue,manual,159,179,TRUE,TRUE,,https://pegasusdepot.com/assets/img/bovenaanzicht-scaled-1400.webp,1,Winglet Mini Roof Fan,,Winglet Mini Roof Fan · 3 watts. 80 mm hole. Silent extraction.,"A tiny electric extractor for small vans, camper kitchens, caravans, dog boxes and toilet compartments. 65 m³/h through an 80 mm cut-out at just 3 W, complete with interior grille, open/close frame and saw template.",kg,active
winglet,,,,,,,,,12V,,Black,,,02-5100,,shopify,25,continue,manual,159,179,TRUE,TRUE,,https://pegasusdepot.com/assets/img/uitgeklapt-scaled-1400.webp,2,Winglet Mini Roof Fan,,,,kg,
winglet,,,,,,,,,Motorless,,White,,,02-5500,,shopify,25,continue,manual,89,99,TRUE,TRUE,,https://pegasusdepot.com/assets/img/vooraanzicht-scaled-1400.webp,3,Winglet Mini Roof Fan,,,,kg,
winglet,,,,,,,,,Motorless,,Black,,,02-5600,,shopify,25,continue,manual,89,99,TRUE,TRUE,,https://pegasusdepot.com/assets/img/ingeklapt-scaled-1400.webp,4,Winglet Mini Roof Fan,,,,kg,
turbo-ii,Turbo II Wind-Driven Rooftop Ventilator,"<p>The Turbo II is the classic mushroom-style rotating vent, refined. Airflow over the roof spins the UV-stabilised ABS cowl on two ball bearings and a venturi effect pulls air out of the vehicle: roughly 245 m³/h at 100 km/h. No wiring, no power draw, no noise. It simply works whenever the vehicle moves or the wind blows.</p><p>At 68 mm high it fits under most roof racks. The 128 mm bore hole and 26 mm installation depth make it an easy retrofit, and the kit includes an interior grille and closable shutter so you can shut it off in winter.</p><p>Perfect for transporting dogs, horses and cargo that must not sit in stale air. Combine it with a floor ventilator for a continuous flow even when parked.</p><h3>Key features</h3><ul><li>Wind-driven, no electricity required</li><li>Approx. 245 m³/h at 100 km/h</li><li>Ø 319 mm rotating cowl, 2 ball bearings, UV-stabilised ABS</li><li>Roof cut-out 128 mm, depth 26 mm, height 68 mm</li><li>Fits under most roof racks</li><li>Interior grille and closable shutter included</li><li>Mounting set for roof thickness 1 to 21 mm</li><li>White or black, 1.2 kg</li></ul><h3>Specifications</h3><table><tr><th>Function</th><td>Suction (wind-driven)</td></tr><tr><th>Airflow</th><td>approx. 245 m³/h at 100 km/h</td></tr><tr><th>Diameter</th><td>Ø 319 mm</td></tr><tr><th>Roof cut-out</th><td>Ø 128 mm</td></tr><tr><th>Height</th><td>68 mm</td></tr><tr><th>Installation depth</th><td>26 mm</td></tr><tr><th>Bearings</th><td>2 ball bearings</td></tr><tr><th>Roof thickness</th><td>1 to 21 mm (other sets on request)</td></tr><tr><th>Weight</th><td>1.2 kg</td></tr><tr><th>Material</th><td>UV-stabilised ABS</td></tr><tr><th>Included</th><td>Interior grille and shutter</td></tr></table>",Pegasus Depot,,Rooftop Ventilators,"Rooftop Ventilators,Dog & K9 Transport,Horse Trailers & Horseboxes,Commercial Vans & Service Vehicles,Animal & Livestock Transport,No power needed,Grill & shutter included",TRUE,Colour,White,,,,,02-7000,,shopify,25,continue,manual,119,139,TRUE,TRUE,,https://pegasusdepot.com/assets/img/02-7100-foto2-scaled-1400.webp,1,Turbo II Wind-Driven Rooftop Ventilator,,Turbo II Wind-Driven Rooftop Ventilator · Zero watts. Ventilates every time you drive.,"A rotating, wind-powered extractor that keeps pulling stale air out of your van, dog transporter or horse trailer without a single wire. Around 245 m³/h at motorway speed. Ø 319 mm cowl, 128 mm cut-out, only 68 mm high so it fits under most roof racks.",kg,active
turbo-ii,,,,,,,,,Black,,,,,02-7100,,shopify,25,continue,manual,119,139,TRUE,TRUE,,https://pegasusdepot.com/assets/img/02-7100-foto1-scaled-1400.webp,2,Turbo II Wind-Driven Rooftop Ventilator,,,,kg,
turbo-iii,Turbo III Compact Wind-Driven Ventilator,"<p>The Turbo III is a smaller wind-driven ventilator for spaces where every millimetre counts. It needs just an 80 mm hole, stands 59.5 mm tall and slides under almost any roof rack.</p><p>Like its bigger brother it spins on two ball bearings and extracts air by venturi effect (roughly 120 m³/h at 100 km/h), but it assembles in minutes and requires no glue. The inside is finished with a stylish grille and an open/close valve.</p><p>Ideal for venting boats, dog transporters, small service vans, caravans and coaches. Made in Holland.</p><h3>Key features</h3><ul><li>Wind-driven, zero power consumption</li><li>Approx. 120 m³/h at 100 km/h</li><li>Ø 210 mm cowl, only 59.5 mm high</li><li>Roof cut-out 80 mm, depth 14.5 mm</li><li>Complete with interior grille and open/close valve</li><li>No glue required</li><li>Mounting set for roof thickness 1 to 17 mm</li><li>ABS, white or black, 0.55 kg</li></ul><h3>Specifications</h3><table><tr><th>Function</th><td>Suction (wind-driven)</td></tr><tr><th>Airflow</th><td>approx. 120 m³/h at 100 km/h</td></tr><tr><th>Diameter</th><td>Ø 210 mm</td></tr><tr><th>Roof cut-out</th><td>Ø 80 mm</td></tr><tr><th>Height</th><td>59.5 mm</td></tr><tr><th>Installation depth</th><td>14.5 mm</td></tr><tr><th>Bearings</th><td>2 ball bearings</td></tr><tr><th>Roof thickness</th><td>1 to 17 mm</td></tr><tr><th>Weight</th><td>0.55 kg</td></tr><tr><th>Material</th><td>ABS</td></tr><tr><th>Included</th><td>Interior grille and open/close valve</td></tr></table>",Pegasus Depot,,Rooftop Ventilators,"Rooftop Ventilators,Boats & Marine,Dog & K9 Transport,Commercial Vans & Service Vehicles,Buses & Coaches,Campers & Motorhomes,No power needed,Open/close valve included",TRUE,Colour,White,,,,,02-6000,,shopify,25,continue,manual,115,135,TRUE,TRUE,,https://pegasusdepot.com/assets/img/turbo-iii-1-1-scaled-1400.webp,1,Turbo III Compact Wind-Driven Ventilator,,"Turbo III Compact Wind-Driven Ventilator · The little brother: 80 mm hole, no glue","The compact version of the Turbo II. Ø 210 mm cowl, 80 mm cut-out, 59.5 mm high, around 120 m³/h at motorway speed, complete with open/close valve. Snaps together without glue. For boats, dog boxes, small vans and coach compartments.",kg,active
turbo-iii,,,,,,,,,Black,,,,,02-6100,,shopify,25,continue,manual,115,135,TRUE,TRUE,,https://pegasusdepot.com/assets/img/turbo-iii-2-scaled-1400.webp,2,Turbo III Compact Wind-Driven Ventilator,,,,kg,
turbo-iii,,,,,,,,,,,,,,,,,,,,,,,,,https://pegasusdepot.com/assets/img/turbo-iii-3-scaled-1400.webp,3,Turbo III Compact Wind-Driven Ventilator,,,,,
exhaust-ventilator,Exhaust Ventilator (Venturi),"<p>The mechanical exhaust ventilator is the simplest way to keep a commercial vehicle fresh: wind passing over the cover pulls air from the cargo area below. No power, no maintenance, no noise, and it keeps working with a light breeze even when parked.</p><p>Thanks to its 50 mm height it works under roof racks, and because it needs no wiring the installation is quick: cut a hole of up to 140 mm, bond with body sealant (never silicone) and fit the interior grille. Combine it with our floor ventilator for a steady supply of fresh air, or pair it with an electric roof fan for forced ventilation when parked.</p><p>Available in white or black. Finish the inside with the 35-3003 rotary valve or the Ø 140 mm ABS grille.</p><h3>Key features</h3><ul><li>Venturi effect extraction, no power needed</li><li>No mechanical moving parts, practically silent</li><li>Low aerodynamic profile: 285 x 185 mm, 50 mm high</li><li>ABS, white or black, only 0.5 kg</li><li>Roof opening up to 140 mm</li><li>Interior finish: rotary valve 35-3003 or grille 35-26xx</li></ul><h3>Specifications</h3><table><tr><th>Function</th><td>Suction (venturi)</td></tr><tr><th>Roof opening</th><td>max. Ø 140 mm</td></tr><tr><th>Dimensions</th><td>285 x 185 mm, 50 mm high</td></tr><tr><th>Weight</th><td>0.5 kg</td></tr><tr><th>Material</th><td>ABS</td></tr><tr><th>Colours</th><td>White or Black</td></tr><tr><th>Power</th><td>None</td></tr></table>",Pegasus Depot,,Rooftop Ventilators,"Rooftop Ventilators,Commercial Vans & Service Vehicles,Dog & K9 Transport,Animal & Livestock Transport,No power needed,Roof-rack friendly",TRUE,Colour,White,,,,,02-1030,,shopify,25,continue,manual,54.95,64.95,TRUE,TRUE,,https://pegasusdepot.com/assets/img/02-1030-foto-scaled-1400.webp,1,Exhaust Ventilator (Venturi),,"Exhaust Ventilator (Venturi) · Aerodynamic, silent, no moving parts","A low, aerodynamic ABS vent (285 x 185 mm, 50 mm high) that uses the venturi effect to pull air out of your van while driving. No motor, no moving parts, practically inaudible. Often combined with a powered roof fan or used stand-alone.",kg,active
exhaust-ventilator,,,,,,,,,Black,,,,,02-1030-ZW,,shopify,25,continue,manual,54.95,64.95,TRUE,TRUE,,https://pegasusdepot.com/assets/img/exhaust-ventilator-scaled-1400.webp,2,Exhaust Ventilator (Venturi),,,,kg,
v12-valve,V12 Interior Ventilation Valve,"<p>The V12 is the interior valve most customers pair with the Le Mans. It covers the 230 mm roof opening with a clean Ø 290 mm louvre (only 20 mm high) that you can open and close by hand, or electrically from your dashboard with the 12/24V version. It also acts as a finger guard for the fan blades.</p><p>Made from high-quality ABS, it is a statement piece rather than just a functional cover. Three colour combinations let it blend into any interior: white, grey or dark grey. Designed for vehicles with a headliner or ceiling.</p><p>Tip: order the electric version together with a Le Mans, a 3-way switch for the fan and a separate on/off switch for the valve, and you have a fully remote-controlled ventilation system.</p><h3>Key features</h3><ul><li>Ø 290 mm, covers the 230 mm roof opening</li><li>Open and close the airflow, adjustable louvres</li><li>Only 20 mm high, 0.5 kg</li><li>Electric version is operated with a separate on/off switch (not included)</li><li>Manual or electric 12V/24V</li><li>High-quality ABS, three colour schemes</li><li>Fits Le Mans, Le Mans LL and Round rooftop ventilators</li></ul><h3>Specifications</h3><table><tr><th>Overall diameter</th><td>Ø 290 mm</td></tr><tr><th>Height</th><td>20 mm</td></tr><tr><th>Operation</th><td>Manual or electric 12V/24V</td></tr><tr><th>Material</th><td>ABS</td></tr><tr><th>Weight</th><td>0.5 kg (manual) · 0.6 kg (electric)</td></tr><tr><th>Colours</th><td>White, Grey, Dark grey</td></tr><tr><th>Compatible with</th><td>02-2200/2300 Le Mans, 02-4200/4300 Le Mans LL, 02-0200/0300 Round</td></tr></table>",Pegasus Depot,,Interior Valves & Grilles,"Interior Valves & Grilles,Horse Trailers & Horseboxes,Buses & Coaches,Ambulances & Emergency Vehicles,Commercial Vans & Service Vehicles,Campers & Motorhomes,Animal & Livestock Transport,Bestseller,Manual or electric",TRUE,Operation,Manual,Colour,White,,,35-2400,,shopify,25,continue,manual,54.95,69.95,TRUE,TRUE,,https://pegasusdepot.com/assets/img/35-2400-foto-scaled-1400.webp,1,V12 Interior Ventilation Valve,,V12 Interior Ventilation Valve · The closable ceiling valve for the Le Mans,"Ø 290 mm ABS ceiling valve that finishes the inside of your Le Mans or Round rooftop ventilator. Adjustable louvres prevent draughts; open it for full airflow, close it in winter. Manual or electric (12/24V), in white, grey or dark grey.",kg,active
v12-valve,,,,,,,,,Manual,,Grey,,,35-2410,,shopify,25,continue,manual,54.95,69.95,TRUE,TRUE,,https://pegasusdepot.com/assets/img/35-2440-foto-1400.webp,2,V12 Interior Ventilation Valve,,,,kg,
v12-valve,,,,,,,,,Manual,,Dark grey,,,35-2440,,shopify,25,continue,manual,54.95,69.95,TRUE,TRUE,,https://pegasusdepot.com/assets/img/pmh10-1400.webp,3,V12 Interior Ventilation Valve,,,,kg,
v12-valve,,,,,,,,,Electric 12/24V,,White,,,35-2500,,shopify,25,continue,manual,139,159,TRUE,TRUE,,,,,,,,kg,
v12-valve,,,,,,,,,Electric 12/24V,,Grey,,,35-2510,,shopify,25,continue,manual,139,159,TRUE,TRUE,,,,,,,,kg,
v12-valve,,,,,,,,,Electric 12/24V,,Dark grey,,,35-2540,,shopify,25,continue,manual,139,159,TRUE,TRUE,,,,,,,,kg,
flower-power,Flower Power Interior Valve,"<p>Flower Power is our design interior valve: a Ø 280 mm closable grille with a distinctive radial pattern that looks as good in a luxury horsebox as in a camper. It keeps the full airflow of your roof ventilator while letting you shut it off completely.</p><p>Choose the plain version in white, light grey or light grey with dark grey accent, or the LED version with 21 white and 9 blue LEDs for courtesy and night lighting, in 12V or 24V.</p><p>Designed for vehicles with a canopy or ceiling. No ceiling? Choose a standard grille instead.</p><h3>Key features</h3><ul><li>Closable Ø 280 mm interior valve</li><li>Maintains maximum airflow when open</li><li>Optional LED: 21 white + 9 blue LEDs, 12V or 24V</li><li>High-quality ABS, modern design</li><li>White, light grey or two-tone grey</li></ul><h3>Specifications</h3><table><tr><th>Overall diameter</th><td>Ø 280 mm</td></tr><tr><th>Operation</th><td>Manual open/close</td></tr><tr><th>LED version</th><td>21 white / 9 blue LEDs, 12V or 24V</td></tr><tr><th>Material</th><td>ABS</td></tr><tr><th>Colours</th><td>White, Light grey, Light grey / Dark grey</td></tr><tr><th>Compatible with</th><td>Le Mans, Le Mans LL, Round rooftop ventilators</td></tr></table>",Pegasus Depot,,Interior Valves & Grilles,"Interior Valves & Grilles,Horse Trailers & Horseboxes,Campers & Motorhomes,Buses & Coaches,Boats & Marine,Design valve,LED option",TRUE,Light,No LED,Colour,White,,,35-2800,,shopify,25,continue,manual,54.95,69.95,TRUE,TRUE,,https://pegasusdepot.com/assets/img/35-2820-foto-1-scaled-1400.webp,1,Flower Power Interior Valve,,"Flower Power Interior Valve · Closable Ø 280 mm valve, optionally with LED light","A luxurious closable ceiling grille (Ø 280 mm) for vehicles with a ceiling. Maintains maximum airflow, opens and closes by hand, and is available with 21 white + 9 blue LEDs in 12V or 24V.",kg,active
flower-power,,,,,,,,,No LED,,Light grey,,,35-2810,,shopify,25,continue,manual,54.95,69.95,TRUE,TRUE,,https://pegasusdepot.com/assets/img/35-2910-foto-scaled-1400.webp,2,Flower Power Interior Valve,,,,kg,
flower-power,,,,,,,,,No LED,,Light grey / Dark grey,,,35-2820,,shopify,25,continue,manual,54.95,69.95,TRUE,TRUE,,,,,,,,kg,
flower-power,,,,,,,,,LED 12V,,White,,,35-2900,,shopify,25,continue,manual,109,129,TRUE,TRUE,,,,,,,,kg,
flower-power,,,,,,,,,LED 24V,,White,,,35-2905,,shopify,25,continue,manual,109,129,TRUE,TRUE,,,,,,,,kg,
flower-power,,,,,,,,,LED 12V,,Light grey,,,35-2910,,shopify,25,continue,manual,109,129,TRUE,TRUE,,,,,,,,kg,
flower-power,,,,,,,,,LED 24V,,Light grey,,,35-2915,,shopify,25,continue,manual,109,129,TRUE,TRUE,,,,,,,,kg,
flower-power,,,,,,,,,LED 12V,,Light grey / Dark grey,,,35-2920,,shopify,25,continue,manual,109,129,TRUE,TRUE,,,,,,,,kg,
flower-power,,,,,,,,,LED 24V,,Light grey / Dark grey,,,35-2925,,shopify,25,continue,manual,109,129,TRUE,TRUE,,,,,,,,kg,
rotating-valve-300,Rotating Interior Valve Ø 300 mm,"<p>Our rotating valve is the timeless interior finish for roof ventilators: twist to open, twist to close. At Ø 300 mm it fully covers the 230 mm roof opening of our Le Mans and Round ventilators.</p><p>Pick sleek black, timeless white or contemporary grey to match your interior, or choose the white version with integrated 12V/24V light for courtesy lighting.</p><p>Optional: a micro-switch that automatically switches the ventilator off when the valve is closed.</p><h3>Key features</h3><ul><li>Ø 300 mm rotating open/close valve</li><li>Black, white or grey ABS</li><li>Version with integrated 12/24V light (30 mm high)</li><li>Optional micro-switch (cuts fan power when closed)</li><li>Only 0.4 kg (0.7 kg with light)</li></ul><h3>Specifications</h3><table><tr><th>Overall diameter</th><td>Ø 300 mm</td></tr><tr><th>Operation</th><td>Rotating open/close</td></tr><tr><th>Material</th><td>ABS</td></tr><tr><th>Weight</th><td>0.4 kg · 0.7 kg with light</td></tr><tr><th>Colours</th><td>Grey, White, Black</td></tr><tr><th>Light version</th><td>35-2200, white, 12V/24V</td></tr></table>",Pegasus Depot,,Interior Valves & Grilles,"Interior Valves & Grilles,Commercial Vans & Service Vehicles,Campers & Motorhomes,Horse Trailers & Horseboxes,Buses & Coaches,Light option",TRUE,Colour,Grey,Light,No,,,35-2100,,shopify,25,continue,manual,44.95,54.95,TRUE,TRUE,,https://pegasusdepot.com/assets/img/35-2120-foto-scaled-1400.webp,1,Rotating Interior Valve Ø 300 mm,,"Rotating Interior Valve Ø 300 mm · Classic rotating valve in black, white or grey","A Ø 300 mm rotating ceiling valve that opens and closes with a twist. Available in black, white or grey, and with an integrated 12/24V light. Optional micro-switch stops the ventilator when the valve is closed.",kg,active
rotating-valve-300,,,,,,,,,White,,No,,,35-2110,,shopify,25,continue,manual,44.95,54.95,TRUE,TRUE,,https://pegasusdepot.com/assets/img/35-2200-foto-scaled-1400.webp,2,Rotating Interior Valve Ø 300 mm,,,,kg,
rotating-valve-300,,,,,,,,,Black,,No,,,35-2120,,shopify,25,continue,manual,44.95,54.95,TRUE,TRUE,,,,,,,,kg,
rotating-valve-300,,,,,,,,,White,,12/24V light,,,35-2200,,shopify,25,continue,manual,84.95,99,TRUE,TRUE,,,,,,,,kg,
rotary-valve,Rotary Ventilation Valve 35-3003,"<p>A simple, effective interior finish for the Exhaust Ventilator: turn the knob to open or close the airflow. Fits roof openings up to 160 mm and gives the ceiling a clean white look.</p><p>Use it with the 02-1030 exhaust ventilator (and the older 02-1026 / 02-1027 models) for a complete, closable passive ventilation system.</p><h3>Key features</h3><ul><li>Open/close rotary mechanism</li><li>Max. roof opening 160 mm</li><li>White plastic</li><li>For exhaust ventilator 02-1030 (also 02-1026 / 02-1027)</li></ul><h3>Specifications</h3><table><tr><th>Max. roof opening</th><td>160 mm</td></tr><tr><th>Construction</th><td>Plastic, white</td></tr><tr><th>Compatible with</th><td>02-1026 / 02-1027 / 02-1030</td></tr></table>",Pegasus Depot,,Interior Valves & Grilles,"Interior Valves & Grilles,Commercial Vans & Service Vehicles,Dog & K9 Transport,For 02-1030",TRUE,Colour,White,,,,,35-3003,,shopify,25,continue,manual,29.95,34.95,TRUE,TRUE,,https://pegasusdepot.com/assets/img/35-3003-foto-1400.webp,1,Rotary Ventilation Valve 35-3003,,Rotary Ventilation Valve 35-3003 · The interior finish for the Exhaust Ventilator,White plastic rotary valve with open/close mechanism for roof openings up to 160 mm. Designed to complete our venturi Exhaust Ventilator 02-1030.,kg,active
rotary-valve-metal,Polished Light-Metal Rotary Valve,"<p>When plastic is not enough. Our light-metal rotary valve is polished to a mirror finish and rotates to regulate the airflow. A functional necessity turned into a stylish detail for horse trucks, boats and luxury conversions.</p><p>Available in five diameters from Ø 130 mm to Ø 250 mm to suit different roof openings and ventilators.</p><h3>Key features</h3><ul><li>Lightweight polished metal</li><li>Rotating open/close mechanism</li><li>Five diameters: 130, 160, 180, 200, 250 mm</li><li>Suitable for commercial vehicles, horse trucks, boats and public vehicles</li></ul><h3>Specifications</h3><table><tr><th>Construction</th><td>Light metal, polished</td></tr><tr><th>Diameters</th><td>Ø 130 / 160 / 180 / 200 / 250 mm</td></tr><tr><th>Operation</th><td>Rotating</td></tr></table>",Pegasus Depot,,Interior Valves & Grilles,"Interior Valves & Grilles,Boats & Marine,Horse Trailers & Horseboxes,Commercial Vans & Service Vehicles,Buses & Coaches,Premium finish",TRUE,Diameter,Ø 130 mm,,,,,35-4080,,shopify,25,continue,manual,49,59,TRUE,TRUE,,https://pegasusdepot.com/assets/img/35-4080-foto-1400.webp,1,Polished Light-Metal Rotary Valve,,"Polished Light-Metal Rotary Valve · Polished aluminium, five diameters","A rotating ventilation valve crafted from lightweight polished metal. From Ø 130 mm to Ø 250 mm, for commercial vehicles, horse trucks, boats and public vehicles that deserve a premium interior detail.",kg,active
rotary-valve-metal,,,,,,,,,Ø 160 mm,,,,,35-4082,,shopify,25,continue,manual,59,69,TRUE,TRUE,,,,,,,,kg,
rotary-valve-metal,,,,,,,,,Ø 180 mm,,,,,35-4084,,shopify,25,continue,manual,69,79,TRUE,TRUE,,,,,,,,kg,
rotary-valve-metal,,,,,,,,,Ø 200 mm,,,,,35-4086,,shopify,25,continue,manual,79,89,TRUE,TRUE,,,,,,,,kg,
rotary-valve-metal,,,,,,,,,Ø 250 mm,,,,,35-4088,,shopify,25,continue,manual,99,115,TRUE,TRUE,,,,,,,,kg,
grill-small,ABS Grille Small Ø 140 mm,"<p>A quality ABS grille with a Ø 140 mm honeycomb face that covers the interior side of our exhaust ventilator. Choose classic white, subtle light grey or sleek black. Need another colour? Custom colours are available on request.</p><h3>Key features</h3><ul><li>Ø 140 mm x 4 mm</li><li>ABS, white / light grey / black</li><li>For exhaust ventilator 02-1030 (02-1026 / 02-1027)</li><li>Custom colours on request</li></ul><h3>Specifications</h3><table><tr><th>Dimensions</th><td>Ø 140 mm x 4 mm</td></tr><tr><th>Material</th><td>ABS</td></tr><tr><th>Colours</th><td>White, Light grey, Black</td></tr><tr><th>Compatible with</th><td>02-1026 / 02-1027 / 02-1030</td></tr></table>",Pegasus Depot,,Interior Valves & Grilles,"Interior Valves & Grilles,Commercial Vans & Service Vehicles,Dog & K9 Transport,For 02-1030",TRUE,Colour,White,,,,,35-2600,,shopify,25,continue,manual,19.95,24.95,TRUE,TRUE,,https://pegasusdepot.com/assets/img/35-2610-foto-1400.webp,1,ABS Grille Small Ø 140 mm,,ABS Grille Small Ø 140 mm · Clean finish for the Exhaust Ventilator,"Ø 140 mm ABS interior grille in white, light grey or black. The neat, fixed interior cover for the 02-1030 exhaust ventilator. Custom colours on request.",kg,active
grill-small,,,,,,,,,Light grey,,,,,35-2610,,shopify,25,continue,manual,19.95,24.95,TRUE,TRUE,,,,,,,,kg,
grill-small,,,,,,,,,Black,,,,,35-2620,,shopify,25,continue,manual,19.95,24.95,TRUE,TRUE,,,,,,,,kg,
grill-large,ABS Grille Large Ø 270 mm,"<p>The large ABS grille gives the inside of your Le Mans or Round rooftop ventilator a clean, professional finish while leaving the full 850 m³/h airflow unobstructed. It cannot be closed; if you need to shut off the airflow, choose the V12 or Flower Power valve instead.</p><p>Choose white, light grey or black. Custom colours on request.</p><h3>Key features</h3><ul><li>Ø 270 mm x 4 mm honeycomb grille</li><li>ABS, white / light grey / black</li><li>Unobstructed airflow (non-closable), finger guard</li><li>For 02-0200 Round and 02-2200 Le Mans</li><li>Custom colours on request</li></ul><h3>Specifications</h3><table><tr><th>Dimensions</th><td>Ø 270 mm x 4 mm</td></tr><tr><th>Material</th><td>ABS</td></tr><tr><th>Colours</th><td>White, Light grey, Black</td></tr><tr><th>Compatible with</th><td>02-0200/0300 Round, 02-2200/2300 Le Mans</td></tr></table>",Pegasus Depot,,Interior Valves & Grilles,"Interior Valves & Grilles,Commercial Vans & Service Vehicles,Ambulances & Emergency Vehicles,Buses & Coaches,For Le Mans",TRUE,Colour,White,,,,,35-2700,,shopify,25,continue,manual,27.5,32.5,TRUE,TRUE,,https://pegasusdepot.com/assets/img/35-2720-foto-scaled-1400.webp,1,ABS Grille Large Ø 270 mm,,ABS Grille Large Ø 270 mm · Honeycomb grille for Le Mans and Round ventilators,"Ø 270 mm ABS honeycomb grille that covers the interior side of the Le Mans 02-2200 and Round 02-0200 ventilators. Fixed (non-closable) for unobstructed airflow and a safe finger guard. White, light grey or black.",kg,active
grill-large,,,,,,,,,Light grey,,,,,35-2710,,shopify,25,continue,manual,27.5,32.5,TRUE,TRUE,,,,,,,,kg,
grill-large,,,,,,,,,Black,,,,,35-2720,,shopify,25,continue,manual,27.5,32.5,TRUE,TRUE,,,,,,,,kg,
speedcontrol,Speedcontrol 30-3004,"<p>The Speedcontrol lets you run any of our DC roof fans at exactly the speed you need: from a silent trickle to full power. The range is stepless from 0 to 100%, and at the zero position the unit draws no current at all.</p><p>Rated for 11 to 30 VDC and 25 A continuous (30 A peak), it works on 12V and 24V systems and can control one or several ventilators at once. The housing is waterproof, the unit is current-limited and transient-suppressed, and it connects with standard 6.3 mm flat connectors. Supplied with potentiometer knob and instructions.</p><h3>Key features</h3><ul><li>Stepless 0 to 100% speed control</li><li>11 to 30 VDC input, 12V and 24V systems</li><li>25 A continuous, 30 A max output</li><li>Waterproof housing, 80 x 60 x 20 mm</li><li>Current-limited and transient-suppressed</li><li>Controls one or multiple ventilators</li></ul><h3>Specifications</h3><table><tr><th>Input voltage</th><td>11 to 30 VDC</td></tr><tr><th>Max. continuous output</th><td>25 A</td></tr><tr><th>Max. output current</th><td>30 A</td></tr><tr><th>Potentiometer</th><td>4k7</td></tr><tr><th>Connectors</th><td>6.3 mm flat connectors</td></tr><tr><th>Housing</th><td>80 x 60 x 20 mm (30 mm incl. connectors), waterproof</td></tr><tr><th>Range</th><td>0 to 100%</td></tr></table>",Pegasus Depot,,Switches & Controls,"Switches & Controls,Ambulances & Emergency Vehicles,Campers & Motorhomes,Horse Trailers & Horseboxes,Buses & Coaches,Commercial Vans & Service Vehicles,Waterproof,11 to 30V",TRUE,Title,Default Title,,,,,30-3004,,shopify,25,continue,manual,84.95,99,TRUE,TRUE,,https://pegasusdepot.com/assets/img/30-3004-foto-1400.webp,1,Speedcontrol 30-3004,,"Speedcontrol 30-3004 · 0 to 100% stepless control, waterproof housing","Stepless speed controller for DC roof fans. Dial the Le Mans down for silent night ventilation or run it flat out on hot days. 25 A continuous, waterproof housing, one unit can drive several ventilators.",kg,active
switch-round,3-Way Switch Round 89-4002,"<p>The round 3-position switch for our rooftop ventilators. Flick up for intake, down for exhaust, centre for off. It is a double-changeover switch that reverses the motor, so you get both directions from a single control.</p><p>Suitable for most vehicles: it presses into a round dashboard hole or a prepared switch holder. Check the mounting hole dimensions in the datasheet before ordering. Combine with the Speedcontrol for stepless speed adjustment.</p><h3>Key features</h3><ul><li>3-position: on-off-on</li><li>Double changeover (reverses fan direction)</li><li>Round built-in model, Ø 20 mm hole</li><li>Works with Le Mans, Le Mans LL, Round and Winglet</li><li>Combine with Speedcontrol</li><li>On extraction-only models (Le Mans LL, Winglet) simply use a single position</li></ul><h3>Specifications</h3><table><tr><th>Type</th><td>3-way rocker switch, on-off-on</td></tr><tr><th>Form</th><td>Round, built-in</td></tr><tr><th>Mounting hole</th><td>Ø 20 mm (see datasheet)</td></tr><tr><th>Compatible with</th><td>All Pegasus Depot DC roof fans</td></tr></table>",Pegasus Depot,,Switches & Controls,"Switches & Controls,Commercial Vans & Service Vehicles,Campers & Motorhomes,Horse Trailers & Horseboxes,Boats & Marine,3-way",TRUE,Title,Default Title,,,,,89-4002,,shopify,25,continue,manual,14.95,17.95,TRUE,TRUE,,https://pegasusdepot.com/assets/img/89-4002-switch-aangepast-1400.webp,1,3-Way Switch Round 89-4002,,"3-Way Switch Round 89-4002 · On-Off-On, round built-in model","Round double-changeover rocker switch (on-off-on) to switch your Le Mans, Round ventilator or Winglet between intake, off and exhaust. Presses into a Ø 20 mm dashboard hole.",kg,active
switch-round,,,,,,,,,,,,,,,,,,,,,,,,,https://pegasusdepot.com/assets/img/89-4002-switch-round-1-1400.webp,2,3-Way Switch Round 89-4002,,,,,
switch-square,3-Way Switch Square 89-4005,"<p>The square 3-position switch for our rooftop ventilators. Up for intake, down for exhaust, centre off. Double changeover, so one switch reverses the motor.</p><p>A square built-in model for most vehicles; it presses into a prepared holder or rectangular cut-out (dimensions in the datasheet). Add the Speedcontrol to make the fan run steplessly from 0 to 100%.</p><h3>Key features</h3><ul><li>3-position: on-off-on</li><li>Double changeover (reverses fan direction)</li><li>Square built-in model</li><li>Works with Le Mans, Le Mans LL, Round and Winglet</li><li>Combine with Speedcontrol</li><li>On extraction-only models (Le Mans LL, Winglet) simply use a single position</li></ul><h3>Specifications</h3><table><tr><th>Type</th><td>3-way rocker switch, on-off-on</td></tr><tr><th>Form</th><td>Square, built-in</td></tr><tr><th>Mounting</th><td>Rectangular cut-out (see datasheet)</td></tr><tr><th>Compatible with</th><td>All Pegasus Depot DC roof fans</td></tr></table>",Pegasus Depot,,Switches & Controls,"Switches & Controls,Commercial Vans & Service Vehicles,Campers & Motorhomes,Buses & Coaches,3-way",TRUE,Title,Default Title,,,,,89-4005,,shopify,25,continue,manual,12.95,14.95,TRUE,TRUE,,https://pegasusdepot.com/assets/img/89-4005-new-1400.webp,1,3-Way Switch Square 89-4005,,"3-Way Switch Square 89-4005 · On-Off-On, square built-in model",Square double-changeover rocker switch (on-off-on) for intake / off / exhaust control of your electric roof fan. Presses into a rectangular dashboard cut-out.,kg,active
switch-square,,,,,,,,,,,,,,,,,,,,,,,,,https://pegasusdepot.com/assets/img/gc-switch-002-89-4005-new-1400.webp,2,3-Way Switch Square 89-4005,,,,,
switch-fan,Fan Switch 89-4008 with Symbols,"<p>The Fan Switch is the one to choose when the dashboard has to look OEM. A rectangular rocker with a printed ventilation symbol, red and amber illumination, and three positions: intake, off, exhaust.</p><p>It is a double-changeover switch that reverses the motor, suitable for 12V (25 A) and 24V (15 A) systems. It presses into a standard rectangular holder; check the cut-out dimensions in the datasheet. Combine with the Speedcontrol for stepless airflow.</p><h3>Key features</h3><ul><li>3-position: on-off-on with ventilation symbol</li><li>Red and amber illumination</li><li>25 A at 12V · 15 A at 24V</li><li>Double changeover (reverses fan direction)</li><li>Rectangular built-in rocker</li><li>Combine with Speedcontrol</li><li>On extraction-only models (Le Mans LL, Winglet) simply use a single position</li></ul><h3>Specifications</h3><table><tr><th>Type</th><td>3-way rocker switch, on-off-on</td></tr><tr><th>Illumination</th><td>Red and amber</td></tr><tr><th>Rating</th><td>25 A 12V DC · 15 A 24V DC</td></tr><tr><th>Form</th><td>Rectangular, built-in</td></tr><tr><th>Compatible with</th><td>All Pegasus Depot DC roof fans</td></tr></table>",Pegasus Depot,,Switches & Controls,"Switches & Controls,Ambulances & Emergency Vehicles,Buses & Coaches,Commercial Vans & Service Vehicles,Horse Trailers & Horseboxes,Illuminated,3-way",TRUE,Title,Default Title,,,,,89-4008,,shopify,25,continue,manual,19.95,24.95,TRUE,TRUE,,https://pegasusdepot.com/assets/img/89-4008-foto-1400.webp,1,Fan Switch 89-4008 with Symbols,,Fan Switch 89-4008 with Symbols · Illuminated rocker with ventilation symbols,"Premium rectangular 3-way rocker switch with ventilation symbol and red / amber illumination. The dashboard-grade control for Le Mans, Le Mans LL, Round and Winglet ventilators. 25 A 12V / 15 A 24V.",kg,active
control-unit,Roof Hatch Control Unit 30-6000,"<p>Always use the 30-6000 with our electric roof hatches. This compact 24V control unit manages one or two hatches: open or close the front and rear side independently, and read the dome position on the green LED display.</p><p>Safety and comfort are built in. The unit closes the hatches automatically when the ignition key is turned off, but the hatch can still be opened for ventilation while parked. The display has a current-save function and the push buttons are illuminated with orange LEDs for operation in the dark.</p><p>EMC approved and homologated according to EC 2004/104. For 12V vehicles, use our 12V to 24V converter (89-STEP12-24, on request).</p><h3>Key features</h3><ul><li>Controls 1 or 2 electric roof hatches</li><li>Open/close front and rear side separately</li><li>Green LED dome position display</li><li>Auto-close when ignition is switched off</li><li>Ventilation position available with ignition off</li><li>Orange LED illuminated push buttons</li><li>EMC approved, homologated EC 2004/104</li><li>96 x 49 x 28 mm, 24V</li></ul><h3>Specifications</h3><table><tr><th>Voltage</th><td>24V (12V via converter 89-STEP12-24)</td></tr><tr><th>Controls</th><td>1 or 2 electric roof hatches</td></tr><tr><th>Dimensions</th><td>96 x 49 x 28 mm</td></tr><tr><th>Approvals</th><td>EMC approved, EC 2004/104</td></tr><tr><th>Display</th><td>Green LEDs (position), orange LEDs (buttons)</td></tr></table>",Pegasus Depot,,Switches & Controls,"Switches & Controls,Buses & Coaches,Ambulances & Emergency Vehicles,EMC approved,EC 2004/104",TRUE,Title,Default Title,,,,,30-6000,,shopify,25,continue,manual,189,219,TRUE,TRUE,,https://pegasusdepot.com/assets/img/30-6000-foto2-scaled-1400.webp,1,Roof Hatch Control Unit 30-6000,,Roof Hatch Control Unit 30-6000 · Controls one or two electric roof hatches,"The 24V control panel for our electric roof hatches. Opens and closes the front and rear of one or two hatches, shows dome position on green LEDs, auto-closes when the ignition goes off, and still allows ventilation when parked.",kg,active
step-converter,12V to 24V Step-Up Converter 89-STEP12-24,"<p>Our electric roof hatches and the 30-6000 control unit are 24V units. Fit the 89-STEP12-24 converter between the 12V supply and the control unit and the complete hatch system runs on a 12V van, ambulance or horse trailer.</p><p>One converter per hatch system (one control unit with one or two hatches). Supplied with connection instructions; we are happy to advise on wiring.</p><h3>Key features</h3><ul><li>Converts 12V DC to 24V DC for the hatch system</li><li>One converter per control unit (1 or 2 hatches)</li><li>Required for 12V vehicles with electric roof hatches</li><li>Compact, wired inline with the control unit</li></ul><h3>Specifications</h3><table><tr><th>Input</th><td>12V DC</td></tr><tr><th>Output</th><td>24V DC</td></tr><tr><th>Use</th><td>Electric roof hatches 90-5000-E / 90-6000-E with control unit 30-6000</td></tr><tr><th>Quantity</th><td>1 per control unit</td></tr></table>",Pegasus Depot,,Switches & Controls,"Switches & Controls,Ambulances & Emergency Vehicles,Horse Trailers & Horseboxes,Buses & Coaches,For electric hatches,12V vehicles",TRUE,Title,Default Title,,,,,89-STEP12-24,,shopify,25,continue,manual,169,189,TRUE,TRUE,,https://pegasusdepot.com/assets/img/30-6000-foto2-scaled-1400.webp,1,12V to 24V Step-Up Converter 89-STEP12-24,,12V to 24V Step-Up Converter 89-STEP12-24 · Run the 24V hatch system on a 12V vehicle,Step-up converter that lets the 24V electric roof hatches and the 30-6000 control unit run on a 12V vehicle. Required for every 12V installation of an electric hatch.,kg,active
floor-ventilator-129,Floor Ventilator Ø 129 mm,"<p>A roof fan can only extract what it can replace. The floor ventilator gives your vehicle a low air inlet so the roof fan works at full capacity and a constant flow runs from floor to roof. At the same time it removes heavy, low-hanging gases. Mount it diagonally opposite the roof ventilator for the best cross-flow.</p><p>Made from tough PC/ABS with a Ø 129 mm cut-out (Ø 169 mm flange, 90 mm deep), it is the standard recommendation with every mechanical or electric rooftop ventilator. Particularly suitable when transporting gas bottles, dogs, animals and oil-containing products, and for meeting the ventilation guidance for gas cylinders in closed vans.</p><h3>Key features</h3><ul><li>Removes low-hanging gases</li><li>Increases roof fan capacity</li><li>Cut-out Ø 129 mm, flange Ø 169 mm, 90 mm deep</li><li>PC/ABS, black</li><li>For loading floors of vans and trailers</li></ul><h3>Specifications</h3><table><tr><th>Cut-out</th><td>Ø 129 mm</td></tr><tr><th>Material</th><td>PC / ABS</td></tr><tr><th>Colour</th><td>Black</td></tr><tr><th>Dimensions</th><td>Ø 169 mm flange, 90 mm deep</td></tr></table>",Pegasus Depot,,Floor Vents & Filters,"Floor Vents & Filters,Commercial Vans & Service Vehicles,Dog & K9 Transport,Horse Trailers & Horseboxes,Animal & Livestock Transport,Bestseller,PC/ABS",TRUE,Title,Default Title,,,,,89-5600,,shopify,25,continue,manual,64.95,74.95,TRUE,TRUE,,https://pegasusdepot.com/assets/img/89-5600-foto-1400.webp,1,Floor Ventilator Ø 129 mm,,"Floor Ventilator Ø 129 mm · Closes the loop: fresh air in, low gases out","Black PC/ABS floor ventilator for the loading floor. Removes low-hanging gases and boosts the capacity of your roof fan by giving it an inlet. Essential for gas bottles, dogs, horses and oil-containing goods.",kg,active
floor-ventilator-80,Floor Ventilator Ø 80 mm,"<p>The 80 mm floor ventilator brings the same logic to small vehicles: create a low inlet so your Winglet, Turbo III or exhaust ventilator can actually move air, and let heavy gases escape at floor level.</p><p>PC/ABS, black RAL 9005, Ø 80 mm cut-out, Ø 119 mm outer, 90 mm deep, 0.4 kg. Recommended with any mechanical or electric rooftop ventilator.</p><h3>Key features</h3><ul><li>Removes low-hanging gases</li><li>Increases roof fan capacity</li><li>Cut-out Ø 80 mm</li><li>PC/ABS, black, 0.4 kg</li><li>Ideal for small vans and dog boxes</li></ul><h3>Specifications</h3><table><tr><th>Cut-out</th><td>Ø 80 mm</td></tr><tr><th>Material</th><td>PC / ABS</td></tr><tr><th>Colour</th><td>Black RAL 9005</td></tr><tr><th>Overall</th><td>Ø 119 mm, 90 mm deep</td></tr><tr><th>Weight</th><td>0.4 kg</td></tr></table>",Pegasus Depot,,Floor Vents & Filters,"Floor Vents & Filters,Dog & K9 Transport,Commercial Vans & Service Vehicles,Campers & Motorhomes,New,Compact",TRUE,Title,Default Title,,,,,89-5700,,shopify,25,continue,manual,57.5,67.5,TRUE,TRUE,,https://pegasusdepot.com/assets/img/89-5700-foto-1400.webp,1,Floor Ventilator Ø 80 mm,,Floor Ventilator Ø 80 mm · Compact inlet for small vehicles,"The compact 80 mm floor ventilator. Same double function as the 129 mm model (gas removal and roof-fan boost) in a smaller footprint for small vans, dog boxes and compartments.",kg,active
snowfilter,Snow Filter 89-5011,"<p>Our roof ventilators are built so that virtually no rainwater enters the vehicle, but in snow, heavy weather or insect season a filter is the final safeguard. The snow filter is a medium, coarse-mesh net of carbon-infused polymer that shields the intake while leaving the airflow almost untouched.</p><p>The 89-5011 fits the 02-0200/0300 Round and 02-2200/2300 Le Mans ventilators. Recommended for vehicles operating in regions where snow can be drawn into the air intake.</p><h3>Key features</h3><ul><li>Blocks snow, insects and residual rain</li><li>Coarse mesh, minimal airflow loss</li><li>860 x 40 x 10 mm</li><li>For Le Mans 02-2200/2300 and Round 02-0200/0300</li></ul><h3>Specifications</h3><table><tr><th>Dimensions</th><td>860 x 40 x 10 mm</td></tr><tr><th>Material</th><td>Carbon-infused polymer mesh</td></tr><tr><th>Compatible with</th><td>02-0200/0300, 02-2200/2300, 02-0400/0500, 02-2400/2500</td></tr></table>",Pegasus Depot,,Floor Vents & Filters,"Floor Vents & Filters,Horse Trailers & Horseboxes,Commercial Vans & Service Vehicles,Ambulances & Emergency Vehicles,Buses & Coaches,For Le Mans & Round",TRUE,Title,Default Title,,,,,89-5011,,shopify,25,continue,manual,12.95,16.95,TRUE,TRUE,,https://pegasusdepot.com/assets/img/89-5010-foto2-scaled-1400.webp,1,Snow Filter 89-5011,,"Snow Filter 89-5011 · Keeps snow, insects and the last raindrops out","Coarse-mesh carbon filter strip (860 x 40 x 10 mm) that fits inside the Le Mans and Round rooftop ventilators. Blocks snowflakes, insects and residual rain without choking the airflow.",kg,active
roof-hatch-manual-small,Roof Hatch Manual 530 x 530,"<p>Our small roof hatch brings daylight, ventilation and privacy to minibuses, horse trucks, ambulances and campers. The dark tinted glass dome is homologated ECE 43R (UV transmission 6%, heat 16%, light 17%), and the hatch is homologated according to EC 2004/104.</p><p>The internal frame mounts easily inside the outside frame, which comes pre-drilled with mounting holes (outer frame 640 x 640 mm, 40 mm high; screw or bond). High-quality gaskets keep wind and water out. Suits roof thicknesses from 30 to 70 mm.</p><p>Need automation? The same hatch is available as an electric version (90-5000-E).</p><h3>Key features</h3><ul><li>Aperture 530 x 530 mm, R80 corners</li><li>Dark tinted glass dome, homologated ECE 43R</li><li>Homologated EC 2004/104</li><li>Suits roof thickness 30 to 70 mm</li><li>High-quality gaskets</li><li>Pre-drilled outer frame 640 x 640 mm, easy internal frame mounting</li><li>Grey finish, manual operation, 8.5 kg</li></ul><h3>Specifications</h3><table><tr><th>Aperture</th><td>530 x 530 mm</td></tr><tr><th>Outer frame</th><td>640 x 640 mm, 40 mm high</td></tr><tr><th>Radius</th><td>R80</td></tr><tr><th>Glass</th><td>Dark, UV 6% / Heat 16% / Light 17%, ECE 43R</td></tr><tr><th>Roof thickness</th><td>30 to 70 mm</td></tr><tr><th>Operation</th><td>Manual</td></tr><tr><th>Weight</th><td>approx. 8.5 kg</td></tr><tr><th>Approvals</th><td>ECE 43R, EC 2004/104</td></tr><tr><th>Colour</th><td>Grey</td></tr></table>",Pegasus Depot,,Roof Hatches,"Roof Hatches,Buses & Coaches,Horse Trailers & Horseboxes,Ambulances & Emergency Vehicles,Campers & Motorhomes,Boats & Marine,ECE 43R,EC 2004/104",TRUE,Title,Default Title,,,,,90-5000-DG-LUS,,shopify,25,continue,manual,349,389,TRUE,TRUE,,https://pegasusdepot.com/assets/img/90-5000-dg-lus-foto1-1-rotated-1400.webp,1,Roof Hatch Manual 530 x 530,,"Roof Hatch Manual 530 x 530 · ECE 43R glass dome, manual operation","Compact 530 x 530 mm manual roof hatch with dark tinted ECE 43R homologated glass dome. Suits roof thickness 30 to 70 mm, with high-quality gaskets and pre-drilled outer frame (640 x 640 mm). Grey finish, 8.5 kg.",kg,active
roof-hatch-manual-small,,,,,,,,,,,,,,,,,,,,,,,,,https://pegasusdepot.com/assets/img/90-5000-dg-lus-foto2-1400.webp,2,Roof Hatch Manual 530 x 530,,,,,
roof-hatch-manual-small,,,,,,,,,,,,,,,,,,,,,,,,,https://pegasusdepot.com/assets/img/pmh14-1400.webp,3,Roof Hatch Manual 530 x 530,,,,,
roof-hatch-manual-large,Roof Hatch Manual 970 x 530 Emergency Exit,"<p>The large emergency roof hatch for buses, coaches and specialty vehicles. At 970 x 530 mm it meets the EC 2001/85 emergency exit standard and doubles as a generous ventilation and daylight opening.</p><p>The dark tinted glass dome is homologated ECE 43R and the hatch is homologated EC 2004/104. High-quality gaskets, an internal frame that mounts easily in the pre-drilled outside frame (1080 x 640 mm), interior trim frame and a break-glass hammer complete the package. Suits roof thicknesses from 30 to 70 mm.</p><p>Also available as an electric version (90-6000-E) with our 30-6000 control unit.</p><h3>Key features</h3><ul><li>Aperture 970 x 530 mm, R80 corners</li><li>Emergency exit according to EC 2001/85</li><li>Dark glass dome homologated ECE 43R</li><li>Homologated EC 2004/104</li><li>Suits roof thickness 30 to 70 mm</li><li>High-quality gaskets, pre-drilled outer frame 1080 x 640 mm</li><li>Break-glass hammer included</li><li>Grey finish, approx. 14 kg</li></ul><h3>Specifications</h3><table><tr><th>Aperture</th><td>970 x 530 mm</td></tr><tr><th>Outer frame</th><td>1080 x 640 mm, 40 mm high</td></tr><tr><th>Radius</th><td>R80</td></tr><tr><th>Glass</th><td>Dark, UV 6% / Heat 16% / Light 17%, ECE 43R</td></tr><tr><th>Roof thickness</th><td>30 to 70 mm</td></tr><tr><th>Operation</th><td>Manual</td></tr><tr><th>Weight</th><td>approx. 14 kg</td></tr><tr><th>Approvals</th><td>ECE 43R, EC 2004/104, EC 2001/85 emergency exit</td></tr><tr><th>Included</th><td>Break-glass hammer</td></tr></table>",Pegasus Depot,,Roof Hatches,"Roof Hatches,Buses & Coaches,Ambulances & Emergency Vehicles,Horse Trailers & Horseboxes,Emergency exit,ECE 43R,Break-glass hammer",TRUE,Title,Default Title,,,,,90-6000-DG-LUS,,shopify,25,continue,manual,419,469,TRUE,TRUE,,https://pegasusdepot.com/assets/img/90-6000-dg-lus-foto1-1-scaled-1400.webp,1,Roof Hatch Manual 970 x 530 Emergency Exit,,"Roof Hatch Manual 970 x 530 Emergency Exit · Emergency exit hatch, EC 2001/85 compliant","Large 970 x 530 mm manual roof hatch designed as an emergency exit according to EC 2001/85. ECE 43R dark glass dome, 30 to 70 mm roof thickness, pre-drilled frame (1080 x 640 mm), break-glass hammer included. 14 kg.",kg,active
roof-hatch-manual-large,,,,,,,,,,,,,,,,,,,,,,,,,https://pegasusdepot.com/assets/img/90-6000-dg-lus-foto2-1400.webp,2,Roof Hatch Manual 970 x 530 Emergency Exit,,,,,
roof-hatch-manual-large,,,,,,,,,,,,,,,,,,,,,,,,,https://pegasusdepot.com/assets/img/noodhamer-1400.webp,3,Roof Hatch Manual 970 x 530 Emergency Exit,,,,,
roof-hatch-electric-small,Roof Hatch Electric 530 x 530,"<p>Elevate the experience with push-button operation. The electric small roof hatch opens front or rear at the touch of the 30-6000 control unit, shows its position on the display and closes automatically when you switch off the ignition.</p><p>Dark tinted ECE 43R glass dome, EMC approved, homologated EC 2004/104, high-quality gaskets and a pre-drilled outer frame (640 x 640 mm). Suits roof thicknesses from 30 to 70 mm.</p><p>24V as standard. For 12V vehicles use our 12V to 24V converter (89-STEP12-24). Always combine with the 30-6000 control unit.</p><h3>Key features</h3><ul><li>Aperture 530 x 530 mm, electric 24V</li><li>Dark tinted glass dome homologated ECE 43R</li><li>EMC approved, homologated EC 2004/104</li><li>Suits roof thickness 30 to 70 mm</li><li>High-quality gaskets, pre-drilled outer frame 640 x 640 mm</li><li>Use with control unit 30-6000</li><li>12V possible via converter 89-STEP12-24</li></ul><h3>Specifications</h3><table><tr><th>Aperture</th><td>530 x 530 mm</td></tr><tr><th>Outer frame</th><td>640 x 640 mm</td></tr><tr><th>Radius</th><td>R80</td></tr><tr><th>Glass</th><td>Dark, UV 6% / Heat 16% / Light 17%, ECE 43R</td></tr><tr><th>Roof thickness</th><td>30 to 70 mm</td></tr><tr><th>Operation</th><td>Electric 24V</td></tr><tr><th>Approvals</th><td>EMC, ECE 43R, EC 2004/104</td></tr><tr><th>Required</th><td>Control unit 30-6000</td></tr></table>",Pegasus Depot,,Roof Hatches,"Roof Hatches,Buses & Coaches,Ambulances & Emergency Vehicles,Horse Trailers & Horseboxes,Electric 24V,EMC approved,ECE 43R",TRUE,Title,Default Title,,,,,90-5000-E,,shopify,25,continue,manual,949,1059,TRUE,TRUE,,https://pegasusdepot.com/assets/img/90-5000-e-foto1-1400.webp,1,Roof Hatch Electric 530 x 530,,"Roof Hatch Electric 530 x 530 · Push-button comfort, ECE 43R dome","Electric 24V version of the 530 x 530 mm hatch. Dark tinted ECE 43R glass dome, EMC approved, homologated EC 2004/104, roof thickness 30 to 70 mm. Operate with the 30-6000 control unit (sold separately or in our kit).",kg,active
roof-hatch-electric-small,,,,,,,,,,,,,,,,,,,,,,,,,https://pegasusdepot.com/assets/img/90-5000-e-foto2fc-scaled-1400.webp,2,Roof Hatch Electric 530 x 530,,,,,
roof-hatch-electric-small,,,,,,,,,,,,,,,,,,,,,,,,,https://pegasusdepot.com/assets/img/pmh2-1400.webp,3,Roof Hatch Electric 530 x 530,,,,,
roof-hatch-electric-large,Roof Hatch Electric 970 x 530 Emergency Exit,"<p>Our flagship roof hatch redefines safety and comfort for buses, coaches and emergency vehicles. It combines an EC 2001/85 compliant emergency exit with electric operation: open front or rear from the 30-6000 control unit, read the position on the display, and let it close automatically when the ignition goes off.</p><p>The standard dark tinted glass dome is homologated ECE 43R and reduces glare and heat. The hatch is EMC approved and homologated EC 2004/104, fits roof thicknesses from 30 to 70 mm, and comes with high-quality gaskets, a pre-drilled outer frame (1080 x 640 mm) and a break-glass hammer.</p><p>24V as standard; 12V vehicles use our 89-STEP12-24 converter. Always combine with the 30-6000 control unit.</p><h3>Key features</h3><ul><li>Aperture 970 x 530 mm, electric 24V</li><li>Emergency exit according to EC 2001/85</li><li>Dark tinted glass dome homologated ECE 43R</li><li>EMC approved, homologated EC 2004/104</li><li>Suits roof thickness 30 to 70 mm</li><li>High-quality gaskets, pre-drilled outer frame 1080 x 640 mm</li><li>Break-glass hammer included</li><li>Use with control unit 30-6000</li></ul><h3>Specifications</h3><table><tr><th>Aperture</th><td>970 x 530 mm</td></tr><tr><th>Outer frame</th><td>1080 x 640 mm</td></tr><tr><th>Radius</th><td>R80</td></tr><tr><th>Glass</th><td>Dark, UV 6% / Heat 16% / Light 17%, ECE 43R</td></tr><tr><th>Roof thickness</th><td>30 to 70 mm</td></tr><tr><th>Operation</th><td>Electric 24V</td></tr><tr><th>Approvals</th><td>EMC, ECE 43R, EC 2004/104, EC 2001/85</td></tr><tr><th>Included</th><td>Break-glass hammer</td></tr><tr><th>Required</th><td>Control unit 30-6000</td></tr></table>",Pegasus Depot,,Roof Hatches,"Roof Hatches,Buses & Coaches,Ambulances & Emergency Vehicles,Horse Trailers & Horseboxes,Electric 24V,Emergency exit,ECE 43R",TRUE,Title,Default Title,,,,,90-6000-E,,shopify,25,continue,manual,985,1095,TRUE,TRUE,,https://pegasusdepot.com/assets/img/90-6000-e-foto1-1-scaled-1400.webp,1,Roof Hatch Electric 970 x 530 Emergency Exit,,Roof Hatch Electric 970 x 530 Emergency Exit · The flagship hatch for buses and coaches,"Large electric 970 x 530 mm roof hatch: EC 2001/85 emergency exit, ECE 43R dark glass dome, EMC approved, EC 2004/104, 30 to 70 mm roof thickness, break-glass hammer included. Controlled by the 30-6000 unit (sold separately or in our kit).",kg,active
roof-hatch-electric-large,,,,,,,,,,,,,,,,,,,,,,,,,https://pegasusdepot.com/assets/img/pmh3-1400.webp,2,Roof Hatch Electric 970 x 530 Emergency Exit,,,,,
roof-hatch-electric-large,,,,,,,,,,,,,,,,,,,,,,,,,https://pegasusdepot.com/assets/img/jozef-1-scaled-1400.webp,3,Roof Hatch Electric 970 x 530 Emergency Exit,,,,,
lighting-round,Dome LED Light Round Ø 150 mm,"<p>The round Dome LED Light is the interior light fitted in horse trucks, ambulances and commercial vehicles that need reliable, glare-free lighting. 24 white LEDs give 230 lm of bright working light at only 2 W, 6 blue LEDs provide a soft night mode that does not disturb animals or patients.</p><p>Dual voltage 12V/24V, IP67 sealed against dust and water, IK10 impact resistant, and dimmable to 50% through the wiring (black ground, red 100%, white 50%, blue night light). Only 13.5 mm thick and 150 g. Rated for 40,000 hours, -40 to +85 °C. Available in white or grey, and made in the Netherlands.</p><h3>Key features</h3><ul><li>24 white + 6 blue LEDs, approx. 230 lm / 2 W</li><li>12V / 24V DC dual voltage</li><li>IP67 dust and water tight, IK10</li><li>50% dimming via wiring, blue night light</li><li>Ø 150 mm, only 13.5 mm thick, 150 g</li><li>Approx. 5000 K, L70 40,000 h</li><li>White or grey housing</li><li>Made in the Netherlands</li></ul><h3>Specifications</h3><table><tr><th>LEDs</th><td>24 white / 6 blue (Everlight)</td></tr><tr><th>Light output</th><td>approx. 230 lm at 100%, 115 lm at 50%</td></tr><tr><th>Power</th><td>2.0 W (100%) · 1.0 W (50%) · 0.5 W night</td></tr><tr><th>Voltage</th><td>12V / 24V DC</td></tr><tr><th>Protection</th><td>IP67, IK10</td></tr><tr><th>Dimensions</th><td>Ø 150 mm x 13.5 mm, 150 g</td></tr><tr><th>Dimming</th><td>50% via wiring</td></tr><tr><th>Night light</th><td>Blue</td></tr><tr><th>Colours</th><td>White (92-GC01) or Grey (92-GC02)</td></tr><tr><th>Origin</th><td>Made in the Netherlands</td></tr></table>",Pegasus Depot,,Interior LED Lighting,"Interior LED Lighting,Horse Trailers & Horseboxes,Ambulances & Emergency Vehicles,Commercial Vans & Service Vehicles,Animal & Livestock Transport,Boats & Marine,Made in NL,IP67,12/24V",TRUE,Colour,White,,,,,92-GC01,,shopify,25,continue,manual,59.95,69.95,TRUE,TRUE,,https://pegasusdepot.com/assets/img/92-gc01-foto-1400.webp,1,Dome LED Light Round Ø 150 mm,,"Dome LED Light Round Ø 150 mm · 24 white + 6 blue LEDs, IP67, made in NL","Round Ø 150 mm interior dome light with 24 white and 6 blue LEDs (230 lm). Dual voltage 12/24V, IP67, IK10, 50% dimming through wiring and a blue night-light mode. White or grey housing. Proudly made in the Netherlands.",kg,active
lighting-round,,,,,,,,,Grey,,,,,92-GC02,,shopify,25,continue,manual,59.95,69.95,TRUE,TRUE,,https://pegasusdepot.com/assets/img/92-gc02-foto-1400.webp,2,Dome LED Light Round Ø 150 mm,,,,kg,
lighting-round,,,,,,,,,,,,,,,,,,,,,,,,,https://pegasusdepot.com/assets/img/dsc_0841-1-1280x853-1-1-1400.webp,3,Dome LED Light Round Ø 150 mm,,,,,
lighting-rectangle,Dome LED Light Rectangle 350 x 140 mm,"<p>The rectangular Dome LED Light is the workhorse for buses, ambulances, horse trucks and service vehicles: 39 white LEDs (around 5000 K, approx. 368 lm) for bright, even light and 12 blue LEDs for a calm night mode.</p><p>Built to last: IP66 sealed (IP67 optional), vandal resistant to IK10, dual voltage 12V/24V DC with a 230V AC option. Dim to 50% through the wiring (black ground, red 100%, white 50%, blue night light). 350 x 140 mm, only 13.6 mm thick. Made in the Netherlands, chromium finish optional.</p><h3>Key features</h3><ul><li>51 LEDs: 39 white + 12 blue (Everlight 67-21)</li><li>Approx. 368 lm at 100%, 184 lm at 50%</li><li>12V / 24V DC, 230V AC optional</li><li>IP66 (IP67 optional), IK10 vandal resistant</li><li>Approx. 5000 K light colour</li><li>50% dimming via wiring, blue night light</li><li>350 x 140 mm, 13.6 mm thick, approx. 250 g</li><li>White or grey, chromium optional</li><li>EMC approved, made in the Netherlands</li></ul><h3>Specifications</h3><table><tr><th>LEDs</th><td>39 white / 12 blue</td></tr><tr><th>Light output</th><td>approx. 368 lm at 100%</td></tr><tr><th>Power</th><td>approx. 3.2 W (100%) · 1 W night</td></tr><tr><th>Voltage</th><td>12V / 24V DC (230V AC optional)</td></tr><tr><th>Protection</th><td>IP66 (IP67 optional), IK10</td></tr><tr><th>Light colour</th><td>± 5000 K</td></tr><tr><th>Dimming</th><td>50% via wiring</td></tr><tr><th>Dimensions</th><td>350 x 140 mm, 13.6 mm thick</td></tr><tr><th>Colours</th><td>White (92-GC05) or Grey (92-GC06)</td></tr><tr><th>Origin</th><td>Made in the Netherlands</td></tr></table>",Pegasus Depot,,Interior LED Lighting,"Interior LED Lighting,Buses & Coaches,Ambulances & Emergency Vehicles,Horse Trailers & Horseboxes,Commercial Vans & Service Vehicles,Made in NL,IP66 / IP67,12/24V",TRUE,Colour,White,,,,,92-GC05,,shopify,25,continue,manual,89.95,109,TRUE,TRUE,,https://pegasusdepot.com/assets/img/92-gc06-foto-scaled-1400.webp,1,Dome LED Light Rectangle 350 x 140 mm,,"Dome LED Light Rectangle 350 x 140 mm · 51 LEDs, IK10 vandal resistant, IP66","Rectangular 350 x 140 mm dome light with 39 white and 12 blue LEDs (approx. 368 lm). 12/24V DC (230V AC optional), IP66 (IP67 optional), vandal resistant IK10, 50% dimming and blue night light. White or grey.",kg,active
lighting-rectangle,,,,,,,,,Grey,,,,,92-GC06,,shopify,25,continue,manual,89.95,109,TRUE,TRUE,,https://pegasusdepot.com/assets/img/92-gc05-foto-1-scaled-1400.webp,2,Dome LED Light Rectangle 350 x 140 mm,,,,kg,
lighting-rectangle,,,,,,,,,,,,,,,,,,,,,,,,,https://pegasusdepot.com/assets/img/jozef-scaled-1400.webp,3,Dome LED Light Rectangle 350 x 140 mm,,,,,
ceilingflow,Ceilingflow Ceiling Fan,"<p>Ceilingflow is the plug-and-play ceiling fan for offices, workshops, showrooms, shops, schools, kitchens, meeting rooms and server rooms. Remove a ceiling tile, insert the Ceilingflow (595 x 595 x 166 mm, 5.5 kg), plug it in and play. No installation costs, no installer, under five minutes.</p><p>With 130 m³/min of airflow at only 27 to 41 W and a noise level of 35 to 47 dB(A), it cools on warm days and pushes warm air back down on cold days, making optimal use of the vertical temperature profile of your heating. Three speeds, reversible direction and timer on the RF remote. Brushless motor with short-circuit and peak-voltage protection, recyclable ABS, RoHS, CE and LVD certified, IP44.</p><p>Remote control included (can also be operated without). Frame for solid ceilings available separately. One unit covers roughly 40 to 50 m².</p><h3>Key features</h3><ul><li>Fits standard 600 x 600 suspended ceiling tile</li><li>130 m³/min airflow, 3 speeds, reversible</li><li>27 W (low) to 41 W (high)</li><li>35 to 47 dB(A)</li><li>220-230V, plug &amp; play, 2 m cable</li><li>RF remote control included (speed, direction, timer)</li><li>Brushless motor, short-circuit protected, IP44</li><li>Recyclable ABS, RoHS, CE, LVD</li><li>Black or white, 5.5 kg</li></ul><h3>Specifications</h3><table><tr><th>Airflow</th><td>130 m³/min</td></tr><tr><th>Voltage</th><td>220-230V</td></tr><tr><th>Power</th><td>27 W (low) to 41 W (high)</td></tr><tr><th>Noise level</th><td>35 dB(A) low to 47 dB(A) high</td></tr><tr><th>Dimensions</th><td>595 x 595 x 166 mm, 5.5 kg</td></tr><tr><th>Colours</th><td>Black (24-0008) or White (24-0009)</td></tr><tr><th>Accessory</th><td>Frame for solid ceiling 24-0013 (white) / 24-0113 (black)</td></tr></table>",Pegasus Depot,,Indoor Climate,"Indoor Climate,Plug & Play,Remote included,CE",TRUE,Colour,Black,,,,,24-0008,,shopify,25,continue,manual,327,,TRUE,TRUE,,https://pegasusdepot.com/assets/img/plafondventilator-1-scaled-1400.webp,1,Ceilingflow Ceiling Fan,,Ceilingflow Ceiling Fan · Plug & play ceiling fan for suspended ceilings,"The professional ceiling fan that drops into a standard 600 x 600 suspended-ceiling tile. 130 m³/min, 27 to 41 W, 35 to 47 dB(A), remote control included. Cools in summer, destratifies heat in winter. Black or white.",kg,active
ceilingflow,,,,,,,,,White,,,,,24-0009,,shopify,25,continue,manual,327,,TRUE,TRUE,,https://pegasusdepot.com/assets/img/plafondventilator-0-scaled-1400.webp,2,Ceilingflow Ceiling Fan,,,,kg,
ceilingflow,,,,,,,,,,,,,,,,,,,,,,,,,https://pegasusdepot.com/assets/img/ceilingflow-at-school-scaled-1400.webp,3,Ceilingflow Ceiling Fan,,,,,
ceilingflow,,,,,,,,,,,,,,,,,,,,,,,,,https://pegasusdepot.com/assets/img/project1-1480x1100-1-1400.webp,4,Ceilingflow Ceiling Fan,,,,,
ceilingflow-frame,Ceilingflow Frame for Solid Ceilings,"<p>The Ceilingflow is designed to drop into a 600 x 600 suspended-ceiling tile. No suspended ceiling? This frame mounts to any solid ceiling and holds the fan at the correct distance for airflow. Choose white (24-0013) or black (24-0113) to match your Ceilingflow.</p><h3>Key features</h3><ul><li>For solid, plaster or industrial ceilings</li><li>Matches Ceilingflow 24-0008 (black) / 24-0009 (white)</li><li>Quick mounting with standard fixings</li></ul><h3>Specifications</h3><table><tr><th>Fits</th><td>Ceilingflow 24-0008 / 24-0009</td></tr><tr><th>Colours</th><td>White (24-0013) or Black (24-0113)</td></tr></table>",Pegasus Depot,,Indoor Climate,"Indoor Climate,Accessory",TRUE,Colour,White,,,,,24-0013,,shopify,25,continue,manual,49,,TRUE,TRUE,,https://pegasusdepot.com/assets/img/plafondventilator-0-scaled-1400.webp,1,Ceilingflow Frame for Solid Ceilings,,Ceilingflow Frame for Solid Ceilings · Mount the Ceilingflow on a fixed or industrial ceiling,"Surface-mount frame that lets you fit the Ceilingflow ceiling fan where there is no suspended ceiling: concrete, plaster or industrial roof decks. White or black to match the fan.",kg,active
ceilingflow-frame,,,,,,,,,Black,,,,,24-0113,,shopify,25,continue,manual,49,,TRUE,TRUE,,,,,,,,kg,
air-purifier-small,HEPA Air Purifier Small (8 to 15 m²),"<p>The 24-0125 is perfect for individual workstations, bedrooms and other areas with limited floor space. The 360° bottom air inlet and top outlet pull polluted air through an H13 HEPA and activated carbon filter and return clean air to the room.</p><p>CADR 125 m³/h (PM), TVOC CADR 40 to 60 m³/h, three speeds from a whisper-quiet 27 dB. 25 W, child lock, 1.8 kg, sleek matt dark grey.</p><h3>Key features</h3><ul><li>H13 HEPA + activated carbon filter</li><li>Applicable area 8 to 15 m²</li><li>PM CADR 125 m³/h, CCM P1</li><li>3 speeds: 27 / 35 / 42 dB</li><li>25 W, 24V adapter, 1.8 m cord</li><li>Child lock, plug &amp; play</li><li>190 x 200 x 313 mm, 1.8 kg</li></ul><h3>Specifications</h3><table><tr><th>Area</th><td>8 to 15 m²</td></tr><tr><th>Filter</th><td>H13 HEPA + activated carbon</td></tr><tr><th>PM CADR</th><td>125 m³/h</td></tr><tr><th>TVOC CADR</th><td>40 to 60 m³/h</td></tr><tr><th>Noise</th><td>27 / 35 / 42 dB</td></tr><tr><th>Power</th><td>25 W</td></tr><tr><th>Size</th><td>190 x 200 x 313 mm</td></tr><tr><th>Weight</th><td>1.8 kg</td></tr><tr><th>Colour</th><td>Dark grey</td></tr></table>",Pegasus Depot,,Indoor Climate,"Indoor Climate,H13 HEPA,CADR certified",TRUE,Title,Default Title,,,,,24-0125,,shopify,25,continue,manual,149,179,TRUE,TRUE,,https://pegasusdepot.com/assets/img/gc125-3-1400.webp,1,HEPA Air Purifier Small (8 to 15 m²),,"HEPA Air Purifier Small (8 to 15 m²) · H13 HEPA + carbon, 27 dB sleep mode","Compact dark grey air purifier for workstations, bedrooms and small rooms. H13 HEPA + activated carbon filter, CADR 125 m³/h, 360° bottom intake, 3 speeds from 27 dB. Plug & play.",kg,active
air-purifier-large,HEPA Air Purifier Large (42 to 74 m²),"<p>The 24-0600 is ideal for large spaces where high-capacity filtration is required: meeting rooms, lobbies, open-plan offices, classrooms. H13 HEPA, activated carbon and an anion purifier (10 million/cm³) tackle fine dust, bacteria, viruses, dust mites, mould, pollen and odours.</p><p>PM CADR 600 m³/h, TVOC CADR 200 to 390 m³/h, six speeds from a 32.9 dB sleep mode, filter replacement reminder, child lock and a remote control that works from up to 5 metres. Matt grey, universal wheels, 10.5 kg.</p><h3>Key features</h3><ul><li>H13 HEPA + activated carbon + anion purifier</li><li>Applicable area 42 to 74 m²</li><li>PM CADR 600 m³/h, CCM P4</li><li>6 speeds: 32.9 dB sleep mode to 69.5 dB</li><li>Remote control (5 m), child lock</li><li>Filter replacement reminder</li><li>Universal wheels, 10.5 kg, 479 x 269 x 710 mm</li></ul><h3>Specifications</h3><table><tr><th>Area</th><td>42 to 74 m²</td></tr><tr><th>Filter</th><td>H13 HEPA + activated carbon + anion</td></tr><tr><th>PM CADR</th><td>600 m³/h</td></tr><tr><th>TVOC CADR</th><td>200 to 390 m³/h</td></tr><tr><th>Noise</th><td>32.9 to 69.5 dB (6 speeds)</td></tr><tr><th>Power</th><td>60 W, 220-240V</td></tr><tr><th>Size</th><td>479 x 269 x 710 mm</td></tr><tr><th>Weight</th><td>10.5 kg</td></tr><tr><th>Colour</th><td>Dark grey</td></tr></table>",Pegasus Depot,,Indoor Climate,"Indoor Climate,H13 HEPA,CADR certified,Remote included",TRUE,Title,Default Title,,,,,24-0600,,shopify,25,continue,manual,449,499,TRUE,TRUE,,https://pegasusdepot.com/assets/img/gc600-grijs-2-1400.webp,1,HEPA Air Purifier Large (42 to 74 m²),,"HEPA Air Purifier Large (42 to 74 m²) · 600 m³/h CADR, anion, remote control","High-capacity air purifier for meeting rooms, lobbies and open-plan offices. H13 HEPA + activated carbon + anion, CADR 600 m³/h, 6 speeds from 32.9 dB sleep mode, remote control, universal wheels.",kg,active
kit-le-mans-complete-kit,Le Mans Complete Kit,"<p>Stop piecing parts together. The Le Mans Complete Kit gives you the three components every installation needs: the 850 m³/h Le Mans, a 3-position Fan Switch with ventilation symbol (blow / off / suck) and the V12 interior valve that finishes the ceiling and lets you close the airflow when parked.</p><p>Choose your voltage and colour below. White or black cover, 12V for vans and campers, 24V for trucks and coaches. Every kit ships from stock, same day before 15:00 CET.</p><h3>Included</h3><ul><li>1x Le Mans Rooftop Ventilator</li><li>1x Fan Switch 89-4008 with Symbols</li><li>1x V12 Interior Ventilation Valve</li></ul>",Pegasus Depot,,Kit,"Kit,Commercial Vans & Service Vehicles,Horse Trailers & Horseboxes,Ambulances & Emergency Vehicles,Buses & Coaches,Animal & Livestock Transport",TRUE,Voltage & colour,12V · White,Valve colour,Manual · White,,,KIT-LE-MANS-COMPLETE-KIT-02-2200-35-2400,,shopify,10,continue,manual,201,223.89999999999998,TRUE,TRUE,,https://pegasusdepot.com/assets/img/le-mans-vehicle-1400.webp,1,Le Mans Complete Kit,,Le Mans Complete Kit · save 10%,"The set most bodybuilders order first: a Le Mans rooftop ventilator, the illuminated Fan Switch and a manual V12 interior valve so you can open and close the airflow. One cut-out, one afternoon, done.",kg,active
kit-le-mans-complete-kit,,,,,,,,,12V · White,,Manual · Grey,,,KIT-LE-MANS-COMPLETE-KIT-02-2200-35-2410,,shopify,10,continue,manual,201,223.89999999999998,TRUE,TRUE,,,,,,,,kg,
kit-le-mans-complete-kit,,,,,,,,,12V · White,,Manual · Dark grey,,,KIT-LE-MANS-COMPLETE-KIT-02-2200-35-2440,,shopify,10,continue,manual,201,223.89999999999998,TRUE,TRUE,,,,,,,,kg,
kit-le-mans-complete-kit,,,,,,,,,12V · Black,,Manual · White,,,KIT-LE-MANS-COMPLETE-KIT-02-2200-ZW-35-2400,,shopify,10,continue,manual,201,223.89999999999998,TRUE,TRUE,,,,,,,,kg,
kit-le-mans-complete-kit,,,,,,,,,12V · Black,,Manual · Grey,,,KIT-LE-MANS-COMPLETE-KIT-02-2200-ZW-35-2410,,shopify,10,continue,manual,201,223.89999999999998,TRUE,TRUE,,,,,,,,kg,
kit-le-mans-complete-kit,,,,,,,,,12V · Black,,Manual · Dark grey,,,KIT-LE-MANS-COMPLETE-KIT-02-2200-ZW-35-2440,,shopify,10,continue,manual,201,223.89999999999998,TRUE,TRUE,,,,,,,,kg,
kit-le-mans-complete-kit,,,,,,,,,24V · White,,Manual · White,,,KIT-LE-MANS-COMPLETE-KIT-02-2300-35-2400,,shopify,10,continue,manual,201,223.89999999999998,TRUE,TRUE,,,,,,,,kg,
kit-le-mans-complete-kit,,,,,,,,,24V · White,,Manual · Grey,,,KIT-LE-MANS-COMPLETE-KIT-02-2300-35-2410,,shopify,10,continue,manual,201,223.89999999999998,TRUE,TRUE,,,,,,,,kg,
kit-le-mans-complete-kit,,,,,,,,,24V · White,,Manual · Dark grey,,,KIT-LE-MANS-COMPLETE-KIT-02-2300-35-2440,,shopify,10,continue,manual,201,223.89999999999998,TRUE,TRUE,,,,,,,,kg,
kit-le-mans-complete-kit,,,,,,,,,24V · Black,,Manual · White,,,KIT-LE-MANS-COMPLETE-KIT-02-2300-ZW-35-2400,,shopify,10,continue,manual,201,223.89999999999998,TRUE,TRUE,,,,,,,,kg,
kit-le-mans-complete-kit,,,,,,,,,24V · Black,,Manual · Grey,,,KIT-LE-MANS-COMPLETE-KIT-02-2300-ZW-35-2410,,shopify,10,continue,manual,201,223.89999999999998,TRUE,TRUE,,,,,,,,kg,
kit-le-mans-complete-kit,,,,,,,,,24V · Black,,Manual · Dark grey,,,KIT-LE-MANS-COMPLETE-KIT-02-2300-ZW-35-2440,,shopify,10,continue,manual,201,223.89999999999998,TRUE,TRUE,,,,,,,,kg,
kit-le-mans-pro-kit,Le Mans Pro Kit,"<p>The Pro Kit is the specification we recommend for ambulances, horse trucks and any vehicle that ventilates 24/7. The Speedcontrol lets you run the Le Mans at a whisper overnight and at full 850 m³/h on a hot afternoon. The electric V12 valve opens and closes from the dashboard. The snow filter keeps snow, rain and insects out of the intake.</p><p>Select voltage and colour. All six components ship together, from stock.</p><h3>Included</h3><ul><li>1x Le Mans Rooftop Ventilator</li><li>1x Speedcontrol 30-3004</li><li>1x Fan Switch 89-4008 with Symbols</li><li>1x V12 Interior Ventilation Valve</li><li>1x 3-Way Switch Square 89-4005</li><li>1x Snow Filter 89-5011</li></ul>",Pegasus Depot,,Kit,"Kit,Ambulances & Emergency Vehicles,Horse Trailers & Horseboxes,Buses & Coaches,Commercial Vans & Service Vehicles",TRUE,Voltage & colour,12V · White,Valve colour,Electric 12/24V · White,,,KIT-LE-MANS-PRO-KIT-02-2200-35-2500,,shopify,10,continue,manual,368,418.79999999999995,TRUE,TRUE,,https://pegasusdepot.com/assets/img/le-mans-ventilator-2-1400.webp,1,Le Mans Pro Kit,,Le Mans Pro Kit · save 12%,"For vehicles that run all year: Le Mans + Speedcontrol + Fan Switch + electric V12 valve with its own switch + snow filter. Silent night ventilation, full power on hot days, closable from the dashboard, protected against snow and insects.",kg,active
kit-le-mans-pro-kit,,,,,,,,,12V · White,,Electric 12/24V · Grey,,,KIT-LE-MANS-PRO-KIT-02-2200-35-2510,,shopify,10,continue,manual,368,418.79999999999995,TRUE,TRUE,,,,,,,,kg,
kit-le-mans-pro-kit,,,,,,,,,12V · White,,Electric 12/24V · Dark grey,,,KIT-LE-MANS-PRO-KIT-02-2200-35-2540,,shopify,10,continue,manual,368,418.79999999999995,TRUE,TRUE,,,,,,,,kg,
kit-le-mans-pro-kit,,,,,,,,,12V · Black,,Electric 12/24V · White,,,KIT-LE-MANS-PRO-KIT-02-2200-ZW-35-2500,,shopify,10,continue,manual,368,418.79999999999995,TRUE,TRUE,,,,,,,,kg,
kit-le-mans-pro-kit,,,,,,,,,12V · Black,,Electric 12/24V · Grey,,,KIT-LE-MANS-PRO-KIT-02-2200-ZW-35-2510,,shopify,10,continue,manual,368,418.79999999999995,TRUE,TRUE,,,,,,,,kg,
kit-le-mans-pro-kit,,,,,,,,,12V · Black,,Electric 12/24V · Dark grey,,,KIT-LE-MANS-PRO-KIT-02-2200-ZW-35-2540,,shopify,10,continue,manual,368,418.79999999999995,TRUE,TRUE,,,,,,,,kg,
kit-le-mans-pro-kit,,,,,,,,,24V · White,,Electric 12/24V · White,,,KIT-LE-MANS-PRO-KIT-02-2300-35-2500,,shopify,10,continue,manual,368,418.79999999999995,TRUE,TRUE,,,,,,,,kg,
kit-le-mans-pro-kit,,,,,,,,,24V · White,,Electric 12/24V · Grey,,,KIT-LE-MANS-PRO-KIT-02-2300-35-2510,,shopify,10,continue,manual,368,418.79999999999995,TRUE,TRUE,,,,,,,,kg,
kit-le-mans-pro-kit,,,,,,,,,24V · White,,Electric 12/24V · Dark grey,,,KIT-LE-MANS-PRO-KIT-02-2300-35-2540,,shopify,10,continue,manual,368,418.79999999999995,TRUE,TRUE,,,,,,,,kg,
kit-le-mans-pro-kit,,,,,,,,,24V · Black,,Electric 12/24V · White,,,KIT-LE-MANS-PRO-KIT-02-2300-ZW-35-2500,,shopify,10,continue,manual,368,418.79999999999995,TRUE,TRUE,,,,,,,,kg,
kit-le-mans-pro-kit,,,,,,,,,24V · Black,,Electric 12/24V · Grey,,,KIT-LE-MANS-PRO-KIT-02-2300-ZW-35-2510,,shopify,10,continue,manual,368,418.79999999999995,TRUE,TRUE,,,,,,,,kg,
kit-le-mans-pro-kit,,,,,,,,,24V · Black,,Electric 12/24V · Dark grey,,,KIT-LE-MANS-PRO-KIT-02-2300-ZW-35-2540,,shopify,10,continue,manual,368,418.79999999999995,TRUE,TRUE,,,,,,,,kg,
kit-le-mans-honeycomb-kit,Le Mans Honeycomb Kit,"<p>When you never need to close the vent, the honeycomb grille is the neatest and most affordable finish. This kit pairs the Le Mans with the compact round 3-way switch and the large ABS grille in white, light grey or black.</p><h3>Included</h3><ul><li>1x Le Mans Rooftop Ventilator</li><li>1x 3-Way Switch Round 89-4002</li><li>1x ABS Grille Large Ø 270 mm</li></ul>",Pegasus Depot,,Kit,"Kit,Commercial Vans & Service Vehicles,Dog & K9 Transport",TRUE,Voltage & colour,12V · White,Grille colour,White,,,KIT-LE-MANS-HONEYCOMB-KIT-02-2200-35-2700,,shopify,10,continue,manual,172,191.45,TRUE,TRUE,,https://pegasusdepot.com/assets/img/le-mans-ventilator-3-1400.webp,1,Le Mans Honeycomb Kit,,Le Mans Honeycomb Kit · save 10%,Le Mans + round 3-way switch + Ø 270 mm honeycomb grille. The cleanest interior finish with unobstructed 850 m³/h airflow. For cargo areas and workshops on wheels.,kg,active
kit-le-mans-honeycomb-kit,,,,,,,,,12V · White,,Light grey,,,KIT-LE-MANS-HONEYCOMB-KIT-02-2200-35-2710,,shopify,10,continue,manual,172,191.45,TRUE,TRUE,,,,,,,,kg,
kit-le-mans-honeycomb-kit,,,,,,,,,12V · White,,Black,,,KIT-LE-MANS-HONEYCOMB-KIT-02-2200-35-2720,,shopify,10,continue,manual,172,191.45,TRUE,TRUE,,,,,,,,kg,
kit-le-mans-honeycomb-kit,,,,,,,,,12V · Black,,White,,,KIT-LE-MANS-HONEYCOMB-KIT-02-2200-ZW-35-2700,,shopify,10,continue,manual,172,191.45,TRUE,TRUE,,,,,,,,kg,
kit-le-mans-honeycomb-kit,,,,,,,,,12V · Black,,Light grey,,,KIT-LE-MANS-HONEYCOMB-KIT-02-2200-ZW-35-2710,,shopify,10,continue,manual,172,191.45,TRUE,TRUE,,,,,,,,kg,
kit-le-mans-honeycomb-kit,,,,,,,,,12V · Black,,Black,,,KIT-LE-MANS-HONEYCOMB-KIT-02-2200-ZW-35-2720,,shopify,10,continue,manual,172,191.45,TRUE,TRUE,,,,,,,,kg,
kit-le-mans-honeycomb-kit,,,,,,,,,24V · White,,White,,,KIT-LE-MANS-HONEYCOMB-KIT-02-2300-35-2700,,shopify,10,continue,manual,172,191.45,TRUE,TRUE,,,,,,,,kg,
kit-le-mans-honeycomb-kit,,,,,,,,,24V · White,,Light grey,,,KIT-LE-MANS-HONEYCOMB-KIT-02-2300-35-2710,,shopify,10,continue,manual,172,191.45,TRUE,TRUE,,,,,,,,kg,
kit-le-mans-honeycomb-kit,,,,,,,,,24V · White,,Black,,,KIT-LE-MANS-HONEYCOMB-KIT-02-2300-35-2720,,shopify,10,continue,manual,172,191.45,TRUE,TRUE,,,,,,,,kg,
kit-le-mans-honeycomb-kit,,,,,,,,,24V · Black,,White,,,KIT-LE-MANS-HONEYCOMB-KIT-02-2300-ZW-35-2700,,shopify,10,continue,manual,172,191.45,TRUE,TRUE,,,,,,,,kg,
kit-le-mans-honeycomb-kit,,,,,,,,,24V · Black,,Light grey,,,KIT-LE-MANS-HONEYCOMB-KIT-02-2300-ZW-35-2710,,shopify,10,continue,manual,172,191.45,TRUE,TRUE,,,,,,,,kg,
kit-le-mans-honeycomb-kit,,,,,,,,,24V · Black,,Black,,,KIT-LE-MANS-HONEYCOMB-KIT-02-2300-ZW-35-2720,,shopify,10,continue,manual,172,191.45,TRUE,TRUE,,,,,,,,kg,
kit-dual-le-mans-kit,Dual Le Mans Kit,"<p>Long loading areas and multi-compartment vehicles need two ventilators: one blowing fresh air in, one pulling stale air out. The Dual Kit gives you both, each with its own switch and closable V12 valve, plus one Speedcontrol that regulates both fans at once.</p><h3>Included</h3><ul><li>2x Le Mans Rooftop Ventilator</li><li>2x Fan Switch 89-4008 with Symbols</li><li>2x V12 Interior Ventilation Valve</li><li>1x Speedcontrol 30-3004</li></ul>",Pegasus Depot,,Kit,"Kit,Horse Trailers & Horseboxes,Buses & Coaches,Animal & Livestock Transport,Commercial Vans & Service Vehicles",TRUE,Voltage & colour,12V · White,Valve colour,Manual · White,,,KIT-DUAL-LE-MANS-KIT-02-2200-35-2400,,shopify,10,continue,manual,468,532.75,TRUE,TRUE,,https://pegasusdepot.com/assets/img/b1b68eb0-4e4c-4369-8082-bbd155547943-bewerkt-1400.webp,1,Dual Le Mans Kit,,Dual Le Mans Kit · save 12%,"For long bodies, horse trucks with two compartments and coaches: 2x Le Mans, 2x Fan Switch, 2x manual V12 valve and one Speedcontrol that drives both fans. Run one in and one out for true cross-ventilation.",kg,active
kit-dual-le-mans-kit,,,,,,,,,12V · White,,Manual · Grey,,,KIT-DUAL-LE-MANS-KIT-02-2200-35-2410,,shopify,10,continue,manual,468,532.75,TRUE,TRUE,,,,,,,,kg,
kit-dual-le-mans-kit,,,,,,,,,12V · White,,Manual · Dark grey,,,KIT-DUAL-LE-MANS-KIT-02-2200-35-2440,,shopify,10,continue,manual,468,532.75,TRUE,TRUE,,,,,,,,kg,
kit-dual-le-mans-kit,,,,,,,,,12V · Black,,Manual · White,,,KIT-DUAL-LE-MANS-KIT-02-2200-ZW-35-2400,,shopify,10,continue,manual,468,532.75,TRUE,TRUE,,,,,,,,kg,
kit-dual-le-mans-kit,,,,,,,,,12V · Black,,Manual · Grey,,,KIT-DUAL-LE-MANS-KIT-02-2200-ZW-35-2410,,shopify,10,continue,manual,468,532.75,TRUE,TRUE,,,,,,,,kg,
kit-dual-le-mans-kit,,,,,,,,,12V · Black,,Manual · Dark grey,,,KIT-DUAL-LE-MANS-KIT-02-2200-ZW-35-2440,,shopify,10,continue,manual,468,532.75,TRUE,TRUE,,,,,,,,kg,
kit-dual-le-mans-kit,,,,,,,,,24V · White,,Manual · White,,,KIT-DUAL-LE-MANS-KIT-02-2300-35-2400,,shopify,10,continue,manual,468,532.75,TRUE,TRUE,,,,,,,,kg,
kit-dual-le-mans-kit,,,,,,,,,24V · White,,Manual · Grey,,,KIT-DUAL-LE-MANS-KIT-02-2300-35-2410,,shopify,10,continue,manual,468,532.75,TRUE,TRUE,,,,,,,,kg,
kit-dual-le-mans-kit,,,,,,,,,24V · White,,Manual · Dark grey,,,KIT-DUAL-LE-MANS-KIT-02-2300-35-2440,,shopify,10,continue,manual,468,532.75,TRUE,TRUE,,,,,,,,kg,
kit-dual-le-mans-kit,,,,,,,,,24V · Black,,Manual · White,,,KIT-DUAL-LE-MANS-KIT-02-2300-ZW-35-2400,,shopify,10,continue,manual,468,532.75,TRUE,TRUE,,,,,,,,kg,
kit-dual-le-mans-kit,,,,,,,,,24V · Black,,Manual · Grey,,,KIT-DUAL-LE-MANS-KIT-02-2300-ZW-35-2410,,shopify,10,continue,manual,468,532.75,TRUE,TRUE,,,,,,,,kg,
kit-dual-le-mans-kit,,,,,,,,,24V · Black,,Manual · Dark grey,,,KIT-DUAL-LE-MANS-KIT-02-2300-ZW-35-2440,,shopify,10,continue,manual,468,532.75,TRUE,TRUE,,,,,,,,kg,
kit-le-mans-ll-silent-kit,Le Mans LL Silent Extraction Kit,<p>The brushless Le Mans LL runs for years without maintenance and draws only 34 W. With the integrated speed control unit you set exactly the extraction you need. The Flower Power valve closes the ceiling off in style.</p><h3>Included</h3><ul><li>1x Le Mans LL Brushless Rooftop Ventilator</li><li>1x 3-Way Switch Square 89-4005</li><li>1x Flower Power Interior Valve</li></ul>,Pegasus Depot,,Kit,"Kit,Animal & Livestock Transport,Commercial Vans & Service Vehicles,Buses & Coaches",TRUE,Voltage,12V · with speed control unit,Valve colour,White,,,KIT-LE-MANS-LL-SILENT-KIT-02-4250-35-2800,,shopify,10,continue,manual,330,366.9,TRUE,TRUE,,https://pegasusdepot.com/assets/img/51-1400.webp,1,Le Mans LL Silent Extraction Kit,,Le Mans LL Silent Extraction Kit · save 10%,"Le Mans LL with integrated speed control unit + square 3-way switch + Flower Power closable valve. Long-life extraction for damp loading areas, animal transport and coaches.",kg,active
kit-le-mans-ll-silent-kit,,,,,,,,,12V · with speed control unit,,Light grey,,,KIT-LE-MANS-LL-SILENT-KIT-02-4250-35-2810,,shopify,10,continue,manual,330,366.9,TRUE,TRUE,,,,,,,,kg,
kit-le-mans-ll-silent-kit,,,,,,,,,12V · with speed control unit,,Light grey / Dark grey,,,KIT-LE-MANS-LL-SILENT-KIT-02-4250-35-2820,,shopify,10,continue,manual,330,366.9,TRUE,TRUE,,,,,,,,kg,
kit-le-mans-ll-silent-kit,,,,,,,,,24V · with speed control unit,,White,,,KIT-LE-MANS-LL-SILENT-KIT-02-4350-35-2800,,shopify,10,continue,manual,330,366.9,TRUE,TRUE,,,,,,,,kg,
kit-le-mans-ll-silent-kit,,,,,,,,,24V · with speed control unit,,Light grey,,,KIT-LE-MANS-LL-SILENT-KIT-02-4350-35-2810,,shopify,10,continue,manual,330,366.9,TRUE,TRUE,,,,,,,,kg,
kit-le-mans-ll-silent-kit,,,,,,,,,24V · with speed control unit,,Light grey / Dark grey,,,KIT-LE-MANS-LL-SILENT-KIT-02-4350-35-2820,,shopify,10,continue,manual,330,366.9,TRUE,TRUE,,,,,,,,kg,
kit-round-camper-kit,Camper Night-Air Kit,"<p>Condensation, cooking smells and hot nights are the three enemies of camper comfort. This kit fixes all three: the 850 m³/h Round ventilator clears the air fast, the Speedcontrol turns it into a silent trickle at bedtime, and the Flower Power LED valve doubles as a ceiling light with a blue night mode.</p><p>12V as standard. Choose white or black outside, and the valve colour inside.</p><h3>Included</h3><ul><li>1x Round Rooftop Ventilator</li><li>1x Speedcontrol 30-3004</li><li>1x 3-Way Switch Round 89-4002</li><li>1x Flower Power Interior Valve</li></ul>",Pegasus Depot,,Kit,"Kit,Campers & Motorhomes,Boats & Marine",TRUE,Colour,12V · White,LED valve colour,LED 12V · White,,,KIT-ROUND-CAMPER-KIT-02-0200-35-2900,,shopify,10,continue,manual,306,347.9,TRUE,TRUE,,https://pegasusdepot.com/assets/img/krismar-exclusive-19135121-min-scaled-aspect-ratio-600-400-1-scaled-jpg-1400.webp,1,Camper Night-Air Kit,,Camper Night-Air Kit · save 12%,Designed for motorhomes and caravans: 12V Round Rooftop Ventilator + Speedcontrol for silent night running + round switch + Flower Power valve with white and blue LED light. Fresh air and mood lighting in one opening.,kg,active
kit-round-camper-kit,,,,,,,,,12V · White,,LED 12V · Light grey,,,KIT-ROUND-CAMPER-KIT-02-0200-35-2910,,shopify,10,continue,manual,306,347.9,TRUE,TRUE,,,,,,,,kg,
kit-round-camper-kit,,,,,,,,,12V · White,,LED 12V · Light grey / Dark grey,,,KIT-ROUND-CAMPER-KIT-02-0200-35-2920,,shopify,10,continue,manual,306,347.9,TRUE,TRUE,,,,,,,,kg,
kit-round-camper-kit,,,,,,,,,12V · Black,,LED 12V · White,,,KIT-ROUND-CAMPER-KIT-02-0200-ZW-35-2900,,shopify,10,continue,manual,306,347.9,TRUE,TRUE,,,,,,,,kg,
kit-round-camper-kit,,,,,,,,,12V · Black,,LED 12V · Light grey,,,KIT-ROUND-CAMPER-KIT-02-0200-ZW-35-2910,,shopify,10,continue,manual,306,347.9,TRUE,TRUE,,,,,,,,kg,
kit-round-camper-kit,,,,,,,,,12V · Black,,LED 12V · Light grey / Dark grey,,,KIT-ROUND-CAMPER-KIT-02-0200-ZW-35-2920,,shopify,10,continue,manual,306,347.9,TRUE,TRUE,,,,,,,,kg,
kit-winglet-mini-kit,Winglet Mini Kit,"<p>Small spaces need a small, silent solution. The Winglet pulls 65 m³/h out through an 80 mm hole at only 3 W, the switch turns it on and off from the dashboard, and the 80 mm floor ventilator gives the air a way in so the fan can actually do its job.</p><h3>Included</h3><ul><li>1x Winglet Mini Roof Fan</li><li>1x 3-Way Switch Round 89-4002</li><li>1x Floor Ventilator Ø 80 mm</li></ul>",Pegasus Depot,,Kit,"Kit,Commercial Vans & Service Vehicles,Campers & Motorhomes,Dog & K9 Transport",TRUE,Colour,12V · White,,,,,KIT-WINGLET-MINI-KIT-02-5000,,shopify,10,continue,manual,208,231.45,TRUE,TRUE,,https://pegasusdepot.com/assets/img/le-mans-ventilator-3-1400.webp,1,Winglet Mini Kit,,Winglet Mini Kit · save 10%,"Winglet 12V + round switch + 80 mm floor ventilator. The complete micro-ventilation loop for a VW Caddy, camper kitchen, caravan washroom or dog box.",kg,active
kit-winglet-mini-kit,,,,,,,,,12V · Black,,,,,KIT-WINGLET-MINI-KIT-02-5100,,shopify,10,continue,manual,208,231.45,TRUE,TRUE,,,,,,,,kg,
kit-turbo-ii-airflow-duo,Turbo II Airflow Duo,"<p>No electrics, no maintenance. The Turbo II spins in the airstream and pulls stale air out; the floor ventilator lets fresh air in at the bottom and vents heavy gases. Install both in an hour with a hole saw.</p><h3>Included</h3><ul><li>1x Turbo II Wind-Driven Rooftop Ventilator</li><li>1x Floor Ventilator Ø 129 mm</li></ul>",Pegasus Depot,,Kit,"Kit,Dog & K9 Transport,Horse Trailers & Horseboxes,Commercial Vans & Service Vehicles,Animal & Livestock Transport",TRUE,Colour,White,,,,,KIT-TURBO-II-AIRFLOW-DUO-02-7000,,shopify,10,continue,manual,165,183.95,TRUE,TRUE,,https://pegasusdepot.com/assets/img/horse-truck-1-1400.webp,1,Turbo II Airflow Duo,,Turbo II Airflow Duo · save 10%,"Turbo II rotating roof ventilator + Ø 129 mm floor ventilator. The classic passive loop for dog transporters, horse trailers and vans: air in at the floor, out through the roof, every time you drive.",kg,active
kit-turbo-ii-airflow-duo,,,,,,,,,Black,,,,,KIT-TURBO-II-AIRFLOW-DUO-02-7100,,shopify,10,continue,manual,165,183.95,TRUE,TRUE,,,,,,,,kg,
kit-turbo-iii-compact-duo,Turbo III Compact Duo,"<p>Two 80 mm holes, no wiring: the Turbo III extracts through the roof while the floor ventilator supplies fresh air from below. Ideal for boats, kennel vehicles and equipment compartments.</p><h3>Included</h3><ul><li>1x Turbo III Compact Wind-Driven Ventilator</li><li>1x Floor Ventilator Ø 80 mm</li></ul>",Pegasus Depot,,Kit,"Kit,Boats & Marine,Dog & K9 Transport,Commercial Vans & Service Vehicles",TRUE,Colour,White,,,,,KIT-TURBO-III-COMPACT-DUO-02-6000,,shopify,10,continue,manual,155,172.5,TRUE,TRUE,,https://pegasusdepot.com/assets/img/sany0043-1400.webp,1,Turbo III Compact Duo,,Turbo III Compact Duo · save 10%,"Turbo III + Ø 80 mm floor ventilator. The compact passive airflow loop for boats, dog boxes, small vans and coach compartments. Assembles without glue.",kg,active
kit-turbo-iii-compact-duo,,,,,,,,,Black,,,,,KIT-TURBO-III-COMPACT-DUO-02-6100,,shopify,10,continue,manual,155,172.5,TRUE,TRUE,,,,,,,,kg,
kit-exhaust-ventilator-set,Exhaust Ventilator Set,"<p>The aerodynamic exhaust ventilator pulls air out while you drive, the rotary valve lets you close it off from inside, and the floor ventilator provides the inlet. Nothing to wire, nothing to maintain, nothing to hear.</p><h3>Included</h3><ul><li>1x Exhaust Ventilator (Venturi)</li><li>1x Rotary Ventilation Valve 35-3003</li><li>1x Floor Ventilator Ø 129 mm</li></ul>",Pegasus Depot,,Kit,"Kit,Commercial Vans & Service Vehicles,Dog & K9 Transport",TRUE,Colour,White,,,,,KIT-EXHAUST-VENTILATOR-SET-02-1030,,shopify,10,continue,manual,134,149.85000000000002,TRUE,TRUE,,https://pegasusdepot.com/assets/img/51-1400.webp,1,Exhaust Ventilator Set,,Exhaust Ventilator Set · save 10%,"02-1030 exhaust ventilator + 35-3003 rotary valve + Ø 129 mm floor ventilator. The silent, powerless ventilation system for service vans and dog transport, closable from inside.",kg,active
kit-exhaust-ventilator-set,,,,,,,,,Black,,,,,KIT-EXHAUST-VENTILATOR-SET-02-1030-ZW,,shopify,10,continue,manual,134,149.85000000000002,TRUE,TRUE,,,,,,,,kg,
kit-horse-trailer-climate-kit,Horse Trailer Climate Kit,"<p>Horses produce heat, humidity and ammonia; a closed trailer traps all three. This kit installs a full airflow loop (floor inlet, 850 m³/h roof extraction, closable valve) and adds two IP67 round LED lights with a blue night mode that keeps horses calm while you load at dawn.</p><p>12V for trailers towed by a car or van, 24V for horse trucks on a truck chassis. Choose cover colour, valve colour and light colour.</p><h3>Included</h3><ul><li>1x Le Mans Rooftop Ventilator</li><li>1x V12 Interior Ventilation Valve</li><li>1x Floor Ventilator Ø 129 mm</li><li>1x Fan Switch 89-4008 with Symbols</li><li>1x Snow Filter 89-5011</li><li>2x Dome LED Light Round Ø 150 mm</li></ul>",Pegasus Depot,,Kit,"Kit,Horse Trailers & Horseboxes,Animal & Livestock Transport",TRUE,Voltage & colour,12V · White,Valve colour,Manual · White,Light colour,White,KIT-HORSE-TRAILER-CLIMATE-KIT-02-2200-35-2400-92-GC01,,shopify,10,continue,manual,371,421.69999999999993,TRUE,TRUE,,https://pegasusdepot.com/assets/img/krismar-exclusive-19135121-min-scaled-aspect-ratio-600-400-1-scaled-jpg-1400.webp,1,Horse Trailer Climate Kit,,Horse Trailer Climate Kit · save 12%,"The complete horse compartment package: Le Mans (12V or 24V) + manual V12 valve + Ø 129 mm floor ventilator + Fan Switch + snow filter + 2x round Dome LED light with blue night mode. Cool, dry, calm horses.",kg,active
kit-horse-trailer-climate-kit,,,,,,,,,12V · White,,Manual · White,,Grey,KIT-HORSE-TRAILER-CLIMATE-KIT-02-2200-35-2400-92-GC02,,shopify,10,continue,manual,371,421.69999999999993,TRUE,TRUE,,,,,,,,kg,
kit-horse-trailer-climate-kit,,,,,,,,,12V · White,,Manual · Grey,,White,KIT-HORSE-TRAILER-CLIMATE-KIT-02-2200-35-2410-92-GC01,,shopify,10,continue,manual,371,421.69999999999993,TRUE,TRUE,,,,,,,,kg,
kit-horse-trailer-climate-kit,,,,,,,,,12V · White,,Manual · Grey,,Grey,KIT-HORSE-TRAILER-CLIMATE-KIT-02-2200-35-2410-92-GC02,,shopify,10,continue,manual,371,421.69999999999993,TRUE,TRUE,,,,,,,,kg,
kit-horse-trailer-climate-kit,,,,,,,,,12V · White,,Manual · Dark grey,,White,KIT-HORSE-TRAILER-CLIMATE-KIT-02-2200-35-2440-92-GC01,,shopify,10,continue,manual,371,421.69999999999993,TRUE,TRUE,,,,,,,,kg,
kit-horse-trailer-climate-kit,,,,,,,,,12V · White,,Manual · Dark grey,,Grey,KIT-HORSE-TRAILER-CLIMATE-KIT-02-2200-35-2440-92-GC02,,shopify,10,continue,manual,371,421.69999999999993,TRUE,TRUE,,,,,,,,kg,
kit-horse-trailer-climate-kit,,,,,,,,,12V · Black,,Manual · White,,White,KIT-HORSE-TRAILER-CLIMATE-KIT-02-2200-ZW-35-2400-92-GC01,,shopify,10,continue,manual,371,421.69999999999993,TRUE,TRUE,,,,,,,,kg,
kit-horse-trailer-climate-kit,,,,,,,,,12V · Black,,Manual · White,,Grey,KIT-HORSE-TRAILER-CLIMATE-KIT-02-2200-ZW-35-2400-92-GC02,,shopify,10,continue,manual,371,421.69999999999993,TRUE,TRUE,,,,,,,,kg,
kit-horse-trailer-climate-kit,,,,,,,,,12V · Black,,Manual · Grey,,White,KIT-HORSE-TRAILER-CLIMATE-KIT-02-2200-ZW-35-2410-92-GC01,,shopify,10,continue,manual,371,421.69999999999993,TRUE,TRUE,,,,,,,,kg,
kit-horse-trailer-climate-kit,,,,,,,,,12V · Black,,Manual · Grey,,Grey,KIT-HORSE-TRAILER-CLIMATE-KIT-02-2200-ZW-35-2410-92-GC02,,shopify,10,continue,manual,371,421.69999999999993,TRUE,TRUE,,,,,,,,kg,
kit-horse-trailer-climate-kit,,,,,,,,,12V · Black,,Manual · Dark grey,,White,KIT-HORSE-TRAILER-CLIMATE-KIT-02-2200-ZW-35-2440-92-GC01,,shopify,10,continue,manual,371,421.69999999999993,TRUE,TRUE,,,,,,,,kg,
kit-horse-trailer-climate-kit,,,,,,,,,12V · Black,,Manual · Dark grey,,Grey,KIT-HORSE-TRAILER-CLIMATE-KIT-02-2200-ZW-35-2440-92-GC02,,shopify,10,continue,manual,371,421.69999999999993,TRUE,TRUE,,,,,,,,kg,
kit-horse-trailer-climate-kit,,,,,,,,,24V · White,,Manual · White,,White,KIT-HORSE-TRAILER-CLIMATE-KIT-02-2300-35-2400-92-GC01,,shopify,10,continue,manual,371,421.69999999999993,TRUE,TRUE,,,,,,,,kg,
kit-horse-trailer-climate-kit,,,,,,,,,24V · White,,Manual · White,,Grey,KIT-HORSE-TRAILER-CLIMATE-KIT-02-2300-35-2400-92-GC02,,shopify,10,continue,manual,371,421.69999999999993,TRUE,TRUE,,,,,,,,kg,
kit-horse-trailer-climate-kit,,,,,,,,,24V · White,,Manual · Grey,,White,KIT-HORSE-TRAILER-CLIMATE-KIT-02-2300-35-2410-92-GC01,,shopify,10,continue,manual,371,421.69999999999993,TRUE,TRUE,,,,,,,,kg,
kit-horse-trailer-climate-kit,,,,,,,,,24V · White,,Manual · Grey,,Grey,KIT-HORSE-TRAILER-CLIMATE-KIT-02-2300-35-2410-92-GC02,,shopify,10,continue,manual,371,421.69999999999993,TRUE,TRUE,,,,,,,,kg,
kit-horse-trailer-climate-kit,,,,,,,,,24V · White,,Manual · Dark grey,,White,KIT-HORSE-TRAILER-CLIMATE-KIT-02-2300-35-2440-92-GC01,,shopify,10,continue,manual,371,421.69999999999993,TRUE,TRUE,,,,,,,,kg,
kit-horse-trailer-climate-kit,,,,,,,,,24V · White,,Manual · Dark grey,,Grey,KIT-HORSE-TRAILER-CLIMATE-KIT-02-2300-35-2440-92-GC02,,shopify,10,continue,manual,371,421.69999999999993,TRUE,TRUE,,,,,,,,kg,
kit-horse-trailer-climate-kit,,,,,,,,,24V · Black,,Manual · White,,White,KIT-HORSE-TRAILER-CLIMATE-KIT-02-2300-ZW-35-2400-92-GC01,,shopify,10,continue,manual,371,421.69999999999993,TRUE,TRUE,,,,,,,,kg,
kit-horse-trailer-climate-kit,,,,,,,,,24V · Black,,Manual · White,,Grey,KIT-HORSE-TRAILER-CLIMATE-KIT-02-2300-ZW-35-2400-92-GC02,,shopify,10,continue,manual,371,421.69999999999993,TRUE,TRUE,,,,,,,,kg,
kit-horse-trailer-climate-kit,,,,,,,,,24V · Black,,Manual · Grey,,White,KIT-HORSE-TRAILER-CLIMATE-KIT-02-2300-ZW-35-2410-92-GC01,,shopify,10,continue,manual,371,421.69999999999993,TRUE,TRUE,,,,,,,,kg,
kit-horse-trailer-climate-kit,,,,,,,,,24V · Black,,Manual · Grey,,Grey,KIT-HORSE-TRAILER-CLIMATE-KIT-02-2300-ZW-35-2410-92-GC02,,shopify,10,continue,manual,371,421.69999999999993,TRUE,TRUE,,,,,,,,kg,
kit-horse-trailer-climate-kit,,,,,,,,,24V · Black,,Manual · Dark grey,,White,KIT-HORSE-TRAILER-CLIMATE-KIT-02-2300-ZW-35-2440-92-GC01,,shopify,10,continue,manual,371,421.69999999999993,TRUE,TRUE,,,,,,,,kg,
kit-horse-trailer-climate-kit,,,,,,,,,24V · Black,,Manual · Dark grey,,Grey,KIT-HORSE-TRAILER-CLIMATE-KIT-02-2300-ZW-35-2440-92-GC02,,shopify,10,continue,manual,371,421.69999999999993,TRUE,TRUE,,,,,,,,kg,
kit-ambulance-hygiene-kit,Ambulance Air Hygiene Kit,"<p>In ambulances and patient transport vehicles, air changes protect crew and patients. The Le Mans extracts 850 m³/h, the Speedcontrol sets a quiet continuous flow, the electric V12 valve opens and closes at the press of a button, and the IK10 rectangular LED light delivers bright working light with a blue night mode.</p><h3>Included</h3><ul><li>1x Le Mans Rooftop Ventilator</li><li>1x Speedcontrol 30-3004</li><li>1x Fan Switch 89-4008 with Symbols</li><li>1x V12 Interior Ventilation Valve</li><li>1x 3-Way Switch Square 89-4005</li><li>1x Dome LED Light Rectangle 350 x 140 mm</li></ul>",Pegasus Depot,,Kit,"Kit,Ambulances & Emergency Vehicles",TRUE,Voltage & colour,12V · White,Valve colour,Electric 12/24V · White,Light colour,White,KIT-AMBULANCE-HYGIENE-KIT-02-2200-35-2500-92-GC05,,shopify,10,continue,manual,436,495.79999999999995,TRUE,TRUE,,https://pegasusdepot.com/assets/img/c294b9fb82e9ef01c363396c67ef37c09448a024-7254x4595-1-scaled-1400.webp,1,Ambulance Air Hygiene Kit,,Ambulance Air Hygiene Kit · save 12%,"Le Mans (12V or 24V) + Speedcontrol + illuminated Fan Switch + electric V12 valve with its own on/off switch + rectangular Dome LED light. Removes aerosols and odours in the patient compartment, controlled entirely from the crew's seats.",kg,active
kit-ambulance-hygiene-kit,,,,,,,,,12V · White,,Electric 12/24V · White,,Grey,KIT-AMBULANCE-HYGIENE-KIT-02-2200-35-2500-92-GC06,,shopify,10,continue,manual,436,495.79999999999995,TRUE,TRUE,,,,,,,,kg,
kit-ambulance-hygiene-kit,,,,,,,,,12V · White,,Electric 12/24V · Grey,,White,KIT-AMBULANCE-HYGIENE-KIT-02-2200-35-2510-92-GC05,,shopify,10,continue,manual,436,495.79999999999995,TRUE,TRUE,,,,,,,,kg,
kit-ambulance-hygiene-kit,,,,,,,,,12V · White,,Electric 12/24V · Grey,,Grey,KIT-AMBULANCE-HYGIENE-KIT-02-2200-35-2510-92-GC06,,shopify,10,continue,manual,436,495.79999999999995,TRUE,TRUE,,,,,,,,kg,
kit-ambulance-hygiene-kit,,,,,,,,,12V · White,,Electric 12/24V · Dark grey,,White,KIT-AMBULANCE-HYGIENE-KIT-02-2200-35-2540-92-GC05,,shopify,10,continue,manual,436,495.79999999999995,TRUE,TRUE,,,,,,,,kg,
kit-ambulance-hygiene-kit,,,,,,,,,12V · White,,Electric 12/24V · Dark grey,,Grey,KIT-AMBULANCE-HYGIENE-KIT-02-2200-35-2540-92-GC06,,shopify,10,continue,manual,436,495.79999999999995,TRUE,TRUE,,,,,,,,kg,
kit-ambulance-hygiene-kit,,,,,,,,,12V · Black,,Electric 12/24V · White,,White,KIT-AMBULANCE-HYGIENE-KIT-02-2200-ZW-35-2500-92-GC05,,shopify,10,continue,manual,436,495.79999999999995,TRUE,TRUE,,,,,,,,kg,
kit-ambulance-hygiene-kit,,,,,,,,,12V · Black,,Electric 12/24V · White,,Grey,KIT-AMBULANCE-HYGIENE-KIT-02-2200-ZW-35-2500-92-GC06,,shopify,10,continue,manual,436,495.79999999999995,TRUE,TRUE,,,,,,,,kg,
kit-ambulance-hygiene-kit,,,,,,,,,12V · Black,,Electric 12/24V · Grey,,White,KIT-AMBULANCE-HYGIENE-KIT-02-2200-ZW-35-2510-92-GC05,,shopify,10,continue,manual,436,495.79999999999995,TRUE,TRUE,,,,,,,,kg,
kit-ambulance-hygiene-kit,,,,,,,,,12V · Black,,Electric 12/24V · Grey,,Grey,KIT-AMBULANCE-HYGIENE-KIT-02-2200-ZW-35-2510-92-GC06,,shopify,10,continue,manual,436,495.79999999999995,TRUE,TRUE,,,,,,,,kg,
kit-ambulance-hygiene-kit,,,,,,,,,12V · Black,,Electric 12/24V · Dark grey,,White,KIT-AMBULANCE-HYGIENE-KIT-02-2200-ZW-35-2540-92-GC05,,shopify,10,continue,manual,436,495.79999999999995,TRUE,TRUE,,,,,,,,kg,
kit-ambulance-hygiene-kit,,,,,,,,,12V · Black,,Electric 12/24V · Dark grey,,Grey,KIT-AMBULANCE-HYGIENE-KIT-02-2200-ZW-35-2540-92-GC06,,shopify,10,continue,manual,436,495.79999999999995,TRUE,TRUE,,,,,,,,kg,
kit-ambulance-hygiene-kit,,,,,,,,,24V · White,,Electric 12/24V · White,,White,KIT-AMBULANCE-HYGIENE-KIT-02-2300-35-2500-92-GC05,,shopify,10,continue,manual,436,495.79999999999995,TRUE,TRUE,,,,,,,,kg,
kit-ambulance-hygiene-kit,,,,,,,,,24V · White,,Electric 12/24V · White,,Grey,KIT-AMBULANCE-HYGIENE-KIT-02-2300-35-2500-92-GC06,,shopify,10,continue,manual,436,495.79999999999995,TRUE,TRUE,,,,,,,,kg,
kit-ambulance-hygiene-kit,,,,,,,,,24V · White,,Electric 12/24V · Grey,,White,KIT-AMBULANCE-HYGIENE-KIT-02-2300-35-2510-92-GC05,,shopify,10,continue,manual,436,495.79999999999995,TRUE,TRUE,,,,,,,,kg,
kit-ambulance-hygiene-kit,,,,,,,,,24V · White,,Electric 12/24V · Grey,,Grey,KIT-AMBULANCE-HYGIENE-KIT-02-2300-35-2510-92-GC06,,shopify,10,continue,manual,436,495.79999999999995,TRUE,TRUE,,,,,,,,kg,
kit-ambulance-hygiene-kit,,,,,,,,,24V · White,,Electric 12/24V · Dark grey,,White,KIT-AMBULANCE-HYGIENE-KIT-02-2300-35-2540-92-GC05,,shopify,10,continue,manual,436,495.79999999999995,TRUE,TRUE,,,,,,,,kg,
kit-ambulance-hygiene-kit,,,,,,,,,24V · White,,Electric 12/24V · Dark grey,,Grey,KIT-AMBULANCE-HYGIENE-KIT-02-2300-35-2540-92-GC06,,shopify,10,continue,manual,436,495.79999999999995,TRUE,TRUE,,,,,,,,kg,
kit-ambulance-hygiene-kit,,,,,,,,,24V · Black,,Electric 12/24V · White,,White,KIT-AMBULANCE-HYGIENE-KIT-02-2300-ZW-35-2500-92-GC05,,shopify,10,continue,manual,436,495.79999999999995,TRUE,TRUE,,,,,,,,kg,
kit-ambulance-hygiene-kit,,,,,,,,,24V · Black,,Electric 12/24V · White,,Grey,KIT-AMBULANCE-HYGIENE-KIT-02-2300-ZW-35-2500-92-GC06,,shopify,10,continue,manual,436,495.79999999999995,TRUE,TRUE,,,,,,,,kg,
kit-ambulance-hygiene-kit,,,,,,,,,24V · Black,,Electric 12/24V · Grey,,White,KIT-AMBULANCE-HYGIENE-KIT-02-2300-ZW-35-2510-92-GC05,,shopify,10,continue,manual,436,495.79999999999995,TRUE,TRUE,,,,,,,,kg,
kit-ambulance-hygiene-kit,,,,,,,,,24V · Black,,Electric 12/24V · Grey,,Grey,KIT-AMBULANCE-HYGIENE-KIT-02-2300-ZW-35-2510-92-GC06,,shopify,10,continue,manual,436,495.79999999999995,TRUE,TRUE,,,,,,,,kg,
kit-ambulance-hygiene-kit,,,,,,,,,24V · Black,,Electric 12/24V · Dark grey,,White,KIT-AMBULANCE-HYGIENE-KIT-02-2300-ZW-35-2540-92-GC05,,shopify,10,continue,manual,436,495.79999999999995,TRUE,TRUE,,,,,,,,kg,
kit-ambulance-hygiene-kit,,,,,,,,,24V · Black,,Electric 12/24V · Dark grey,,Grey,KIT-AMBULANCE-HYGIENE-KIT-02-2300-ZW-35-2540-92-GC06,,shopify,10,continue,manual,436,495.79999999999995,TRUE,TRUE,,,,,,,,kg,
kit-coach-hatch-kit,Coach Electric Emergency Hatch Kit,"<p>The large electric hatch must always be operated with the 30-6000 control unit. This kit pairs them at a bundle price: the EC 2001/85 emergency exit hatch with ECE 43R dark glass dome and the 24V control unit that opens front or rear, shows the dome position and closes automatically when the ignition goes off. 12V vehicle? Ask us to add the 89-STEP12-24 converter.</p><h3>Included</h3><ul><li>1x Roof Hatch Electric 970 x 530 Emergency Exit</li><li>1x Roof Hatch Control Unit 30-6000</li></ul>",Pegasus Depot,,Kit,"Kit,Buses & Coaches",TRUE,Title,Default Title,,,,,KIT-COACH-HATCH-KIT,,shopify,10,continue,manual,1080,1174,TRUE,TRUE,,https://pegasusdepot.com/assets/img/vanhool_a12_022-scaled-1400.webp,1,Coach Electric Emergency Hatch Kit,,Coach Electric Emergency Hatch Kit · save 8%,"Electric 970 x 530 mm emergency exit roof hatch + 30-6000 control unit. EC 2001/85 emergency exit, ECE 43R glass, EMC approved, auto-close on ignition off. The complete 24V system for a coach or city bus.",kg,active
kit-coach-twin-hatch-kit,Coach Twin Electric Hatch Kit,"<p>Most coaches carry two roof hatches, and one 30-6000 control unit drives both. This kit gives you the complete front-and-rear system: two EC 2001/85 emergency exit hatches with ECE 43R dark glass domes, break-glass hammers, and the single control unit with position display and automatic close on ignition off. 24V; for 12V add one 89-STEP12-24 converter.</p><h3>Included</h3><ul><li>2x Roof Hatch Electric 970 x 530 Emergency Exit</li><li>1x Roof Hatch Control Unit 30-6000</li></ul>",Pegasus Depot,,Kit,"Kit,Buses & Coaches",TRUE,Title,Default Title,,,,,KIT-COACH-TWIN-HATCH-KIT,,shopify,10,continue,manual,1986,2159,TRUE,TRUE,,https://pegasusdepot.com/assets/img/vanhool_a12_022-scaled-1400.webp,1,Coach Twin Electric Hatch Kit,,Coach Twin Electric Hatch Kit · save 8%,"2x electric 970 x 530 mm emergency exit roof hatch + one 30-6000 control unit that opens and closes both. EC 2001/85, ECE 43R, EMC approved. The standard front-and-rear specification for coaches and city buses.",kg,active
kit-minibus-hatch-kit,Minibus Electric Hatch Kit,"<p>The compact electric hatch and its control unit, sold together. Push-button open and close, green LED position display, automatic close when the ignition is switched off, ventilation position when parked. 24V; 12V via our converter.</p><h3>Included</h3><ul><li>1x Roof Hatch Electric 530 x 530</li><li>1x Roof Hatch Control Unit 30-6000</li></ul>",Pegasus Depot,,Kit,"Kit,Buses & Coaches,Ambulances & Emergency Vehicles,Horse Trailers & Horseboxes",TRUE,Title,Default Title,,,,,KIT-MINIBUS-HATCH-KIT,,shopify,10,continue,manual,1046,1138,TRUE,TRUE,,https://pegasusdepot.com/assets/img/transfer-416_2268_0182-1400.webp,1,Minibus Electric Hatch Kit,,Minibus Electric Hatch Kit · save 8%,"Electric 530 x 530 mm roof hatch + 30-6000 control unit. ECE 43R dark glass, EMC approved, EC 2004/104. Daylight, ventilation and push-button comfort for minibuses, ambulances and luxury horse trucks.",kg,active
kit-dog-transport-kit,Dog & K9 Transport Kit,"<p>Dogs in a parked vehicle are a heat risk. This kit combines a wind-driven Turbo II (works whenever you drive), a floor ventilator for fresh air and gas removal, and a 3 W Winglet extractor that keeps air moving when the engine is off, switched from the dashboard.</p><h3>Included</h3><ul><li>1x Turbo II Wind-Driven Rooftop Ventilator</li><li>1x Floor Ventilator Ø 129 mm</li><li>1x Winglet Mini Roof Fan</li><li>1x 3-Way Switch Round 89-4002</li></ul>",Pegasus Depot,,Kit,"Kit,Dog & K9 Transport,Commercial Vans & Service Vehicles",TRUE,Turbo colour,White,Winglet colour,12V · White,,,KIT-DOG-TRANSPORT-KIT-02-7000-02-5000,,shopify,10,continue,manual,322,357.9,TRUE,TRUE,,https://pegasusdepot.com/assets/img/mercedes_justitie_denoised_sharp-1400.webp,1,Dog & K9 Transport Kit,,Dog & K9 Transport Kit · save 10%,"Turbo II wind-driven roof vent + Ø 129 mm floor ventilator + Winglet 12V electric extractor + round switch. Passive airflow while driving, electric extraction when parked. Keeps dogs cool and the vehicle odour-free.",kg,active
kit-dog-transport-kit,,,,,,,,,White,,12V · Black,,,KIT-DOG-TRANSPORT-KIT-02-7000-02-5100,,shopify,10,continue,manual,322,357.9,TRUE,TRUE,,,,,,,,kg,
kit-dog-transport-kit,,,,,,,,,Black,,12V · White,,,KIT-DOG-TRANSPORT-KIT-02-7100-02-5000,,shopify,10,continue,manual,322,357.9,TRUE,TRUE,,,,,,,,kg,
kit-dog-transport-kit,,,,,,,,,Black,,12V · Black,,,KIT-DOG-TRANSPORT-KIT-02-7100-02-5100,,shopify,10,continue,manual,322,357.9,TRUE,TRUE,,,,,,,,kg,
kit-ceilingflow-office-duo,Ceilingflow Office Duo,"<p>One Ceilingflow covers roughly 40 to 50 m². Two cover a typical open-plan office, classroom or showroom. Remote controls included; no installer required.</p><h3>Included</h3><ul><li>2x Ceilingflow Ceiling Fan</li></ul>",Pegasus Depot,,Kit,Kit,TRUE,Colour,Black,,,,,KIT-CEILINGFLOW-OFFICE-DUO-24-0008,,shopify,10,continue,manual,634,654,TRUE,TRUE,,https://pegasusdepot.com/assets/img/project1-1480x1100-1-1400.webp,1,Ceilingflow Office Duo,,Ceilingflow Office Duo · save 3%,"2x Ceilingflow plug-and-play ceiling fan. Drop into two suspended-ceiling tiles, plug in, and cool an open-plan office or classroom for less than a coffee per month.",kg,active
kit-ceilingflow-office-duo,,,,,,,,,White,,,,,KIT-CEILINGFLOW-OFFICE-DUO-24-0009,,shopify,10,continue,manual,634,654,TRUE,TRUE,,,,,,,,kg,
